dataset,stage,encoding,time,answer,instance,memory
DQMR-50,inference,sbk05,,,results/DQMR/qmr-50/or-50-10-4-20,14280
DQMR-50,encoding,bklm16,0.07,,results/DQMR/qmr-50/or-50-5-8-10,12740
DQMR-50,inference,sbk05,,,results/DQMR/qmr-50/or-50-20-2-40,14372
DQMR-50,encoding,cw,0.07,,results/DQMR/qmr-50/or-50-10-9-10,12904
DQMR-50,encoding,cd06,0.07,,results/DQMR/qmr-50/or-50-20-1-10,12884
DQMR-50,inference,sbk05,,,results/DQMR/qmr-50/or-50-20-4-20,14524
DQMR-50,inference,sbk05,,,results/DQMR/qmr-50/or-50-10-7-40,14416
DQMR-50,encoding,cw,0.09,,results/DQMR/qmr-50/or-50-10-1-30,12816
DQMR-50,inference,d02,,,results/DQMR/qmr-50/or-50-5-6-10,14576
DQMR-50,encoding,cd05,0.06,,results/DQMR/qmr-50/or-50-5-3-20,12632
DQMR-50,encoding,cd05,0.06,,results/DQMR/qmr-50/or-50-20-6-10,12784
DQMR-50,encoding,cd06,0.07,,results/DQMR/qmr-50/or-50-5-3-40,12704
DQMR-50,inference,bklm16,0.018,0,results/DQMR/qmr-50/or-50-5-8-30,15324
DQMR-50,encoding,d02,0.07,,results/DQMR/qmr-50/or-50-20-1-10,12632
DQMR-50,encoding,cd05,0.06,,results/DQMR/qmr-50/or-50-5-8-20,12684
DQMR-50,encoding,cd05,0.06,,results/DQMR/qmr-50/or-50-20-3-40,12848
DQMR-50,inference,cw,0.013,0.225936,results/DQMR/qmr-50/or-50-5-6-20,15244
DQMR-50,inference,d02,,,results/DQMR/qmr-50/or-50-10-6-30,14472
DQMR-50,inference,sbk05,,,results/DQMR/qmr-50/or-50-5-3-10,14352
DQMR-50,encoding,sbk06,0.06,,results/DQMR/qmr-50/or-50-20-10-40,12840
DQMR-50,encoding,cd05,0.06,,results/DQMR/qmr-50/or-50-20-3-20,12832
DQMR-50,inference,cw,0.013,0.013736,results/DQMR/qmr-50/or-50-20-8-10,15220
DQMR-50,encoding,cd06,0.07,,results/DQMR/qmr-50/or-50-20-9-20,12680
DQMR-50,encoding,d02,0.06,,results/DQMR/qmr-50/or-50-5-5-20,12736
DQMR-50,encoding,cd05,0.09,,results/DQMR/qmr-50/or-50-20-10-20,12876
DQMR-50,inference,sbk05,,,results/DQMR/qmr-50/or-50-20-8-40,14416
DQMR-50,inference,cd06,,,results/DQMR/qmr-50/or-50-10-3-30,14348
DQMR-50,inference,sbk05,,,results/DQMR/qmr-50/or-50-5-4-30,14412
DQMR-50,encoding,cd06,0.06,,results/DQMR/qmr-50/or-50-5-2-20,12688
DQMR-50,encoding,bklm16,0.07,,results/DQMR/qmr-50/or-50-10-8-40,12780
DQMR-50,encoding,d02,0.07,,results/DQMR/qmr-50/or-50-10-7-20,12728
DQMR-50,encoding,d02,0.06,,results/DQMR/qmr-50/or-50-10-5-10,12676
DQMR-50,inference,sbk05,,,results/DQMR/qmr-50/or-50-5-9-20,14696
DQMR-50,inference,bklm16,0.021,0,results/DQMR/qmr-50/or-50-10-3-10,14836
DQMR-50,inference,cd05,,,results/DQMR/qmr-50/or-50-5-1-10,14316
DQMR-50,encoding,bklm16,0.07,,results/DQMR/qmr-50/or-50-5-10-20,12932
DQMR-50,encoding,bklm16,0.06,,results/DQMR/qmr-50/or-50-20-6-20,12936
DQMR-50,inference,sbk05,,,results/DQMR/qmr-50/or-50-20-2-20,14284
DQMR-50,inference,cd06,,,results/DQMR/qmr-50/or-50-5-2-30,14268
DQMR-50,encoding,cw,0.08,,results/DQMR/qmr-50/or-50-5-10-30,12648
DQMR-50,encoding,sbk06,0.06,,results/DQMR/qmr-50/or-50-5-2-40,12692
DQMR-50,encoding,sbk06,0.07,,results/DQMR/qmr-50/or-50-10-10-40,12868
DQMR-50,inference,cw,0.013,0.00813145,results/DQMR/qmr-50/or-50-5-7-20,15484
DQMR-50,inference,bklm16,0.019,0,results/DQMR/qmr-50/or-50-5-4-30,15244
DQMR-50,encoding,cw,0.07,,results/DQMR/qmr-50/or-50-10-6-40,12964
DQMR-50,inference,cd06,,,results/DQMR/qmr-50/or-50-5-5-20,14268
DQMR-50,inference,bklm16,0.017,0,results/DQMR/qmr-50/or-50-20-7-20,15052
DQMR-50,encoding,cw,0.07,,results/DQMR/qmr-50/or-50-5-9-40,12748
DQMR-50,encoding,sbk06,0.06,,results/DQMR/qmr-50/or-50-20-2-20,12972
DQMR-50,inference,cd06,,,results/DQMR/qmr-50/or-50-20-10-30,14408
DQMR-50,encoding,d02,0.07,,results/DQMR/qmr-50/or-50-20-1-20,12732
DQMR-50,inference,cw,0.015,2.03868e-06,results/DQMR/qmr-50/or-50-10-6-40,15204
DQMR-50,inference,cw,0.015,4.53822e-05,results/DQMR/qmr-50/or-50-20-6-30,15488
DQMR-50,encoding,cd05,0.06,,results/DQMR/qmr-50/or-50-5-5-10,12804
DQMR-50,inference,cd06,,,results/DQMR/qmr-50/or-50-20-8-30,14440
DQMR-50,encoding,cw,0.07,,results/DQMR/qmr-50/or-50-20-5-30,12764
DQMR-50,inference,bklm16,0.021,0,results/DQMR/qmr-50/or-50-20-6-40,15132
DQMR-50,encoding,bklm16,0.07,,results/DQMR/qmr-50/or-50-5-5-30,12840
DQMR-50,encoding,bklm16,0.07,,results/DQMR/qmr-50/or-50-5-5-20,12852
DQMR-50,encoding,d02,0.08,,results/DQMR/qmr-50/or-50-20-8-20,12804
DQMR-50,inference,cd06,,,results/DQMR/qmr-50/or-50-20-6-30,14508
DQMR-50,encoding,bklm16,0.08,,results/DQMR/qmr-50/or-50-10-3-20,12708
DQMR-50,encoding,d02,0.07,,results/DQMR/qmr-50/or-50-5-4-10,12676
DQMR-50,encoding,bklm16,0.09,,results/DQMR/qmr-50/or-50-10-2-10,12688
DQMR-50,inference,cd05,,,results/DQMR/qmr-50/or-50-10-7-40,14456
DQMR-50,inference,d02,,,results/DQMR/qmr-50/or-50-20-3-40,14532
DQMR-50,encoding,d02,0.06,,results/DQMR/qmr-50/or-50-10-6-20,12680
DQMR-50,encoding,cw,0.08,,results/DQMR/qmr-50/or-50-20-7-30,12956
DQMR-50,encoding,d02,0.06,,results/DQMR/qmr-50/or-50-20-6-10,12720
DQMR-50,encoding,d02,0.07,,results/DQMR/qmr-50/or-50-5-5-40,12604
DQMR-50,inference,bklm16,0.025,0,results/DQMR/qmr-50/or-50-20-10-40,16284
DQMR-50,encoding,d02,0.07,,results/DQMR/qmr-50/or-50-5-10-20,12840
DQMR-50,encoding,cw,0.07,,results/DQMR/qmr-50/or-50-5-6-40,12768
DQMR-50,encoding,bklm16,0.07,,results/DQMR/qmr-50/or-50-10-7-30,12744
DQMR-50,inference,sbk05,,,results/DQMR/qmr-50/or-50-5-7-20,14532
DQMR-50,inference,cw,0.013,0.12306,results/DQMR/qmr-50/or-50-5-1-10,15056
DQMR-50,inference,cd06,,,results/DQMR/qmr-50/or-50-5-8-40,14616
DQMR-50,inference,cw,0.014,0.00154441,results/DQMR/qmr-50/or-50-20-8-20,15032
DQMR-50,inference,cw,0.016,0.000190768,results/DQMR/qmr-50/or-50-10-7-40,15032
DQMR-50,encoding,bklm16,0.07,,results/DQMR/qmr-50/or-50-5-5-40,12768
DQMR-50,encoding,cd06,0.07,,results/DQMR/qmr-50/or-50-10-10-40,12796
DQMR-50,inference,bklm16,0.018,0,results/DQMR/qmr-50/or-50-20-5-30,15372
DQMR-50,encoding,bklm16,0.07,,results/DQMR/qmr-50/or-50-20-3-20,12808
DQMR-50,inference,cw,0.014,0.000650903,results/DQMR/qmr-50/or-50-10-4-30,15376
DQMR-50,encoding,bklm16,0.06,,results/DQMR/qmr-50/or-50-20-5-20,12808
DQMR-50,encoding,cd05,0.06,,results/DQMR/qmr-50/or-50-20-4-20,12728
DQMR-50,inference,d02,,,results/DQMR/qmr-50/or-50-10-3-20,14404
DQMR-50,encoding,bklm16,0.07,,results/DQMR/qmr-50/or-50-20-4-10,12752
DQMR-50,inference,cd05,,,results/DQMR/qmr-50/or-50-10-5-20,14468
DQMR-50,encoding,d02,0.07,,results/DQMR/qmr-50/or-50-5-3-30,12732
DQMR-50,inference,bklm16,0.018,0,results/DQMR/qmr-50/or-50-5-5-30,15084
DQMR-50,encoding,cd05,0.06,,results/DQMR/qmr-50/or-50-5-10-10,12724
DQMR-50,encoding,cd05,0.07,,results/DQMR/qmr-50/or-50-20-8-40,12808
DQMR-50,inference,cd05,,,results/DQMR/qmr-50/or-50-5-9-30,14604
DQMR-50,encoding,sbk06,0.07,,results/DQMR/qmr-50/or-50-5-1-10,12876
DQMR-50,encoding,cd05,0.06,,results/DQMR/qmr-50/or-50-5-7-10,12624
DQMR-50,inference,d02,,,results/DQMR/qmr-50/or-50-5-6-40,14428
DQMR-50,encoding,cd05,0.06,,results/DQMR/qmr-50/or-50-20-10-30,12808
DQMR-50,inference,cw,0.014,0.0213781,results/DQMR/qmr-50/or-50-5-9-40,15484
DQMR-50,inference,cw,0.014,0.100233,results/DQMR/qmr-50/or-50-5-8-10,15408
DQMR-50,encoding,cd06,0.06,,results/DQMR/qmr-50/or-50-5-9-10,12648
DQMR-50,encoding,d02,0.06,,results/DQMR/qmr-50/or-50-10-5-20,12844
DQMR-50,inference,cd06,,,results/DQMR/qmr-50/or-50-20-4-20,14436
DQMR-50,encoding,bklm16,0.07,,results/DQMR/qmr-50/or-50-20-2-30,12692
DQMR-50,encoding,cd05,0.07,,results/DQMR/qmr-50/or-50-20-9-20,12872
DQMR-50,inference,sbk05,,,results/DQMR/qmr-50/or-50-5-6-30,14540
DQMR-50,encoding,d02,0.07,,results/DQMR/qmr-50/or-50-20-10-30,12844
DQMR-50,encoding,cw,0.1,,results/DQMR/qmr-50/or-50-10-7-20,12768
DQMR-50,inference,cw,0.014,0.0256073,results/DQMR/qmr-50/or-50-10-1-10,15244
DQMR-50,encoding,cd05,0.06,,results/DQMR/qmr-50/or-50-5-5-30,12616
DQMR-50,inference,cd06,,,results/DQMR/qmr-50/or-50-20-9-40,14504
DQMR-50,encoding,cd06,0.07,,results/DQMR/qmr-50/or-50-20-7-40,12932
DQMR-50,encoding,d02,0.07,,results/DQMR/qmr-50/or-50-10-4-40,12884
DQMR-50,inference,d02,,,results/DQMR/qmr-50/or-50-10-10-30,14612
DQMR-50,encoding,d02,0.06,,results/DQMR/qmr-50/or-50-5-2-10,12684
DQMR-50,encoding,d02,0.07,,results/DQMR/qmr-50/or-50-5-6-30,12696
DQMR-50,inference,cd05,,,results/DQMR/qmr-50/or-50-20-3-30,14584
DQMR-50,encoding,bklm16,0.07,,results/DQMR/qmr-50/or-50-5-6-10,12740
DQMR-50,encoding,d02,0.06,,results/DQMR/qmr-50/or-50-5-4-40,12736
DQMR-50,inference,sbk05,,,results/DQMR/qmr-50/or-50-20-1-20,14444
DQMR-50,encoding,cw,0.07,,results/DQMR/qmr-50/or-50-5-7-10,12820
DQMR-50,encoding,cd05,0.06,,results/DQMR/qmr-50/or-50-10-8-40,12792
DQMR-50,encoding,bklm16,0.06,,results/DQMR/qmr-50/or-50-20-7-20,12976
DQMR-50,inference,cd05,,,results/DQMR/qmr-50/or-50-5-4-20,14500
DQMR-50,inference,cd06,,,results/DQMR/qmr-50/or-50-20-10-20,14372
DQMR-50,inference,cw,0.014,0.000393916,results/DQMR/qmr-50/or-50-10-1-30,15404
DQMR-50,encoding,bklm16,0.07,,results/DQMR/qmr-50/or-50-5-9-40,12944
DQMR-50,inference,bklm16,0.017,0,results/DQMR/qmr-50/or-50-10-5-20,15148
DQMR-50,encoding,cd05,0.06,,results/DQMR/qmr-50/or-50-20-6-30,12760
DQMR-50,inference,cd05,,,results/DQMR/qmr-50/or-50-20-9-30,14468
DQMR-50,encoding,sbk06,0.09,,results/DQMR/qmr-50/or-50-10-8-20,12628
DQMR-50,encoding,bklm16,0.06,,results/DQMR/qmr-50/or-50-10-5-40,12744
DQMR-50,encoding,d02,0.06,,results/DQMR/qmr-50/or-50-20-7-40,12844
DQMR-50,inference,d02,,,results/DQMR/qmr-50/or-50-10-1-20,14524
DQMR-50,encoding,cw,0.07,,results/DQMR/qmr-50/or-50-20-6-20,12740
DQMR-50,inference,sbk05,,,results/DQMR/qmr-50/or-50-5-2-10,14580
DQMR-50,encoding,bklm16,0.07,,results/DQMR/qmr-50/or-50-5-10-30,12820
DQMR-50,inference,cd05,,,results/DQMR/qmr-50/or-50-20-8-10,14420
DQMR-50,encoding,d02,0.06,,results/DQMR/qmr-50/or-50-20-2-40,12684
DQMR-50,encoding,d02,0.07,,results/DQMR/qmr-50/or-50-20-4-40,12792
DQMR-50,encoding,sbk06,0.06,,results/DQMR/qmr-50/or-50-10-5-40,12704
DQMR-50,inference,cd05,,,results/DQMR/qmr-50/or-50-20-3-10,14532
DQMR-50,inference,d02,,,results/DQMR/qmr-50/or-50-5-6-20,14420
DQMR-50,encoding,cd05,0.07,,results/DQMR/qmr-50/or-50-20-8-20,12808
DQMR-50,encoding,cw,0.08,,results/DQMR/qmr-50/or-50-10-2-20,12820
DQMR-50,inference,cd05,,,results/DQMR/qmr-50/or-50-20-7-30,14356
DQMR-50,encoding,cw,0.1,,results/DQMR/qmr-50/or-50-10-3-30,12744
DQMR-50,encoding,cd06,0.07,,results/DQMR/qmr-50/or-50-5-3-30,12676
DQMR-50,inference,bklm16,0.018,0,results/DQMR/qmr-50/or-50-20-3-20,15248
DQMR-50,encoding,bklm16,0.06,,results/DQMR/qmr-50/or-50-5-8-40,12760
DQMR-50,inference,sbk05,,,results/DQMR/qmr-50/or-50-10-10-40,14592
DQMR-50,inference,cd05,,,results/DQMR/qmr-50/or-50-20-7-10,14508
DQMR-50,inference,cw,0.014,1.60055e-05,results/DQMR/qmr-50/or-50-10-6-30,15256
DQMR-50,encoding,cd06,0.07,,results/DQMR/qmr-50/or-50-5-8-30,12720
DQMR-50,inference,d02,,,results/DQMR/qmr-50/or-50-10-4-40,14608
DQMR-50,encoding,cd06,0.09,,results/DQMR/qmr-50/or-50-20-5-40,12684
DQMR-50,inference,cd05,,,results/DQMR/qmr-50/or-50-5-6-20,14596
DQMR-50,inference,cw,0.013,0.12306,results/DQMR/qmr-50/or-50-5-7-10,15136
DQMR-50,encoding,cw,0.07,,results/DQMR/qmr-50/or-50-20-1-30,12820
DQMR-50,inference,cw,0.018,2.69472e-07,results/DQMR/qmr-50/or-50-10-3-40,15384
DQMR-50,encoding,cw,0.08,,results/DQMR/qmr-50/or-50-10-5-20,12752
DQMR-50,inference,d02,,,results/DQMR/qmr-50/or-50-5-7-40,14476
DQMR-50,encoding,cd05,0.06,,results/DQMR/qmr-50/or-50-20-5-10,12696
DQMR-50,encoding,cw,0.08,,results/DQMR/qmr-50/or-50-10-7-40,12704
DQMR-50,inference,sbk05,,,results/DQMR/qmr-50/or-50-10-10-10,14372
DQMR-50,inference,cw,0.017,1.01534e-06,results/DQMR/qmr-50/or-50-10-3-30,15216
DQMR-50,inference,d02,,,results/DQMR/qmr-50/or-50-20-4-10,14592
DQMR-50,encoding,sbk06,0.06,,results/DQMR/qmr-50/or-50-5-4-10,12800
DQMR-50,inference,cd05,,,results/DQMR/qmr-50/or-50-5-2-40,14372
DQMR-50,inference,sbk05,,,results/DQMR/qmr-50/or-50-20-1-10,14380
DQMR-50,inference,cd06,,,results/DQMR/qmr-50/or-50-20-5-40,14408
DQMR-50,inference,d02,,,results/DQMR/qmr-50/or-50-10-9-20,14468
DQMR-50,inference,bklm16,0.02,0,results/DQMR/qmr-50/or-50-10-1-40,15112
DQMR-50,inference,sbk05,,,results/DQMR/qmr-50/or-50-10-1-10,14396
DQMR-50,inference,cd05,,,results/DQMR/qmr-50/or-50-5-5-30,14432
DQMR-50,inference,cd06,,,results/DQMR/qmr-50/or-50-10-1-10,14296
DQMR-50,encoding,sbk06,0.07,,results/DQMR/qmr-50/or-50-10-10-30,12672
DQMR-50,inference,cd06,,,results/DQMR/qmr-50/or-50-20-7-20,14516
DQMR-50,encoding,sbk06,0.07,,results/DQMR/qmr-50/or-50-5-10-30,12628
DQMR-50,inference,sbk05,,,results/DQMR/qmr-50/or-50-10-2-40,14452
DQMR-50,encoding,bklm16,0.07,,results/DQMR/qmr-50/or-50-10-6-30,12972
DQMR-50,encoding,bklm16,0.07,,results/DQMR/qmr-50/or-50-10-9-20,12696
DQMR-50,encoding,sbk06,0.07,,results/DQMR/qmr-50/or-50-5-3-40,12632
DQMR-50,encoding,bklm16,0.07,,results/DQMR/qmr-50/or-50-5-7-40,12712
DQMR-50,inference,bklm16,0.021,0,results/DQMR/qmr-50/or-50-20-7-30,15048
DQMR-50,encoding,cd06,0.07,,results/DQMR/qmr-50/or-50-10-4-30,12796
DQMR-50,encoding,cw,0.07,,results/DQMR/qmr-50/or-50-20-7-20,12816
DQMR-50,encoding,bklm16,0.06,,results/DQMR/qmr-50/or-50-10-4-30,12816
DQMR-50,inference,cd06,,,results/DQMR/qmr-50/or-50-10-10-30,14592
DQMR-50,inference,bklm16,0.017,0,results/DQMR/qmr-50/or-50-5-8-40,15196
DQMR-50,inference,cd06,,,results/DQMR/qmr-50/or-50-5-4-40,14404
DQMR-50,encoding,bklm16,0.07,,results/DQMR/qmr-50/or-50-5-4-20,12740
DQMR-50,encoding,cd05,0.07,,results/DQMR/qmr-50/or-50-10-10-30,12808
DQMR-50,encoding,cd06,0.06,,results/DQMR/qmr-50/or-50-10-9-30,12696
DQMR-50,encoding,sbk06,0.06,,results/DQMR/qmr-50/or-50-5-4-20,12676
DQMR-50,encoding,cd06,0.07,,results/DQMR/qmr-50/or-50-20-6-10,12668
DQMR-50,encoding,cw,0.07,,results/DQMR/qmr-50/or-50-5-9-20,12828
DQMR-50,encoding,bklm16,0.07,,results/DQMR/qmr-50/or-50-10-5-20,12844
DQMR-50,encoding,d02,0.07,,results/DQMR/qmr-50/or-50-5-8-30,12728
DQMR-50,encoding,d02,0.07,,results/DQMR/qmr-50/or-50-10-7-30,12624
DQMR-50,encoding,d02,0.07,,results/DQMR/qmr-50/or-50-20-9-40,12700
DQMR-50,encoding,sbk06,0.06,,results/DQMR/qmr-50/or-50-10-5-30,12720
DQMR-50,inference,cd06,,,results/DQMR/qmr-50/or-50-10-10-20,14556
DQMR-50,inference,cw,0.013,0.340562,results/DQMR/qmr-50/or-50-5-6-10,15240
DQMR-50,inference,d02,,,results/DQMR/qmr-50/or-50-5-4-30,14492
DQMR-50,encoding,cd06,0.07,,results/DQMR/qmr-50/or-50-20-1-30,12692
DQMR-50,encoding,cd06,0.07,,results/DQMR/qmr-50/or-50-20-3-40,12740
DQMR-50,inference,d02,,,results/DQMR/qmr-50/or-50-10-3-30,14660
DQMR-50,inference,d02,,,results/DQMR/qmr-50/or-50-10-3-40,14508
DQMR-50,encoding,sbk06,0.07,,results/DQMR/qmr-50/or-50-20-4-20,12884
DQMR-50,inference,cd05,,,results/DQMR/qmr-50/or-50-10-9-30,14648
DQMR-50,encoding,cd06,0.07,,results/DQMR/qmr-50/or-50-5-6-10,12676
DQMR-50,encoding,cd05,0.06,,results/DQMR/qmr-50/or-50-5-8-40,12688
DQMR-50,inference,d02,,,results/DQMR/qmr-50/or-50-5-9-30,14408
DQMR-50,encoding,cd06,0.08,,results/DQMR/qmr-50/or-50-20-4-40,12804
DQMR-50,inference,cd05,,,results/DQMR/qmr-50/or-50-10-5-30,14488
DQMR-50,encoding,bklm16,0.06,,results/DQMR/qmr-50/or-50-20-2-10,12752
DQMR-50,encoding,cd05,0.06,,results/DQMR/qmr-50/or-50-20-2-10,12848
DQMR-50,inference,sbk05,,,results/DQMR/qmr-50/or-50-5-1-20,14480
DQMR-50,inference,cd06,,,results/DQMR/qmr-50/or-50-20-10-10,14436
DQMR-50,encoding,sbk06,0.07,,results/DQMR/qmr-50/or-50-10-8-30,12840
DQMR-50,encoding,cd05,0.06,,results/DQMR/qmr-50/or-50-5-8-30,12624
DQMR-50,inference,sbk05,,,results/DQMR/qmr-50/or-50-10-8-20,14528
DQMR-50,inference,sbk05,,,results/DQMR/qmr-50/or-50-5-4-40,14548
DQMR-50,inference,d02,,,results/DQMR/qmr-50/or-50-5-7-20,14416
DQMR-50,encoding,cd05,0.07,,results/DQMR/qmr-50/or-50-20-1-40,12728
DQMR-50,inference,bklm16,0.021,0,results/DQMR/qmr-50/or-50-20-1-20,15004
DQMR-50,inference,cd05,,,results/DQMR/qmr-50/or-50-20-3-40,14572
DQMR-50,encoding,cd06,0.09,,results/DQMR/qmr-50/or-50-10-4-10,12872
DQMR-50,inference,sbk05,,,results/DQMR/qmr-50/or-50-10-9-30,14536
DQMR-50,inference,cd06,,,results/DQMR/qmr-50/or-50-20-1-30,14340
DQMR-50,encoding,cw,0.07,,results/DQMR/qmr-50/or-50-5-8-20,12748
DQMR-50,encoding,d02,0.07,,results/DQMR/qmr-50/or-50-20-4-20,12844
DQMR-50,encoding,cd06,0.07,,results/DQMR/qmr-50/or-50-10-3-40,12808
DQMR-50,inference,sbk05,,,results/DQMR/qmr-50/or-50-5-1-40,14376
DQMR-50,encoding,cw,0.07,,results/DQMR/qmr-50/or-50-10-9-20,12700
DQMR-50,inference,sbk05,,,results/DQMR/qmr-50/or-50-10-3-20,14596
DQMR-50,inference,bklm16,0.018,0,results/DQMR/qmr-50/or-50-10-3-40,14852
DQMR-50,inference,d02,,,results/DQMR/qmr-50/or-50-5-9-20,14416
DQMR-50,inference,d02,,,results/DQMR/qmr-50/or-50-10-7-10,14372
DQMR-50,inference,d02,,,results/DQMR/qmr-50/or-50-10-5-40,14488
DQMR-50,encoding,sbk06,0.06,,results/DQMR/qmr-50/or-50-20-3-30,12800
DQMR-50,inference,sbk05,,,results/DQMR/qmr-50/or-50-20-3-20,14504
DQMR-50,inference,sbk05,,,results/DQMR/qmr-50/or-50-20-7-20,14572
DQMR-50,inference,bklm16,0.018,0,results/DQMR/qmr-50/or-50-5-7-20,14944
DQMR-50,inference,cd05,,,results/DQMR/qmr-50/or-50-10-1-30,14456
DQMR-50,inference,cd06,,,results/DQMR/qmr-50/or-50-20-3-20,14460
DQMR-50,inference,cw,0.015,0.000129349,results/DQMR/qmr-50/or-50-20-4-40,15420
DQMR-50,encoding,cd05,0.08,,results/DQMR/qmr-50/or-50-10-9-10,12664
DQMR-50,encoding,bklm16,0.07,,results/DQMR/qmr-50/or-50-10-1-30,12792
DQMR-50,inference,cw,0.014,0.000437062,results/DQMR/qmr-50/or-50-5-2-40,15152
DQMR-50,inference,cw,0.014,0.00107745,results/DQMR/qmr-50/or-50-5-7-40,15368
DQMR-50,inference,bklm16,0.018,0,results/DQMR/qmr-50/or-50-10-10-20,15200
DQMR-50,inference,cd06,,,results/DQMR/qmr-50/or-50-10-8-40,14524
DQMR-50,encoding,cd05,0.06,,results/DQMR/qmr-50/or-50-10-6-30,12736
DQMR-50,inference,cw,0.014,0.0300803,results/DQMR/qmr-50/or-50-20-6-10,15064
DQMR-50,inference,sbk05,,,results/DQMR/qmr-50/or-50-5-3-40,14456
DQMR-50,encoding,d02,0.07,,results/DQMR/qmr-50/or-50-20-7-10,12868
DQMR-50,inference,bklm16,0.018,0,results/DQMR/qmr-50/or-50-5-2-40,15260
DQMR-50,inference,cw,0.014,6.80933e-07,results/DQMR/qmr-50/or-50-10-2-40,15280
DQMR-50,inference,sbk05,,,results/DQMR/qmr-50/or-50-5-10-30,14468
DQMR-50,encoding,cd05,0.06,,results/DQMR/qmr-50/or-50-5-1-40,12848
DQMR-50,encoding,d02,0.07,,results/DQMR/qmr-50/or-50-5-3-20,12728
DQMR-50,encoding,sbk06,0.07,,results/DQMR/qmr-50/or-50-5-9-10,12716
DQMR-50,inference,d02,,,results/DQMR/qmr-50/or-50-10-8-10,14424
DQMR-50,encoding,bklm16,0.06,,results/DQMR/qmr-50/or-50-20-5-40,12716
DQMR-50,inference,sbk05,,,results/DQMR/qmr-50/or-50-20-10-20,14432
DQMR-50,encoding,cw,0.07,,results/DQMR/qmr-50/or-50-5-8-40,12736
DQMR-50,inference,cd05,,,results/DQMR/qmr-50/or-50-20-3-20,14496
DQMR-50,inference,bklm16,0.025,0,results/DQMR/qmr-50/or-50-10-8-40,15228
DQMR-50,encoding,cw,0.07,,results/DQMR/qmr-50/or-50-20-1-20,12948
DQMR-50,encoding,cd05,0.07,,results/DQMR/qmr-50/or-50-10-3-10,12704
DQMR-50,inference,sbk05,,,results/DQMR/qmr-50/or-50-10-1-30,14460
DQMR-50,encoding,cd05,0.06,,results/DQMR/qmr-50/or-50-20-9-30,12632
DQMR-50,encoding,cd05,0.06,,results/DQMR/qmr-50/or-50-5-9-30,12696
DQMR-50,inference,d02,,,results/DQMR/qmr-50/or-50-10-2-20,14360
DQMR-50,encoding,cd05,0.06,,results/DQMR/qmr-50/or-50-10-5-40,12708
DQMR-50,inference,cd06,,,results/DQMR/qmr-50/or-50-20-9-20,14440
DQMR-50,inference,sbk05,,,results/DQMR/qmr-50/or-50-20-4-30,14596
DQMR-50,inference,d02,,,results/DQMR/qmr-50/or-50-10-4-10,14384
DQMR-50,encoding,cw,0.07,,results/DQMR/qmr-50/or-50-20-9-30,12700
DQMR-50,inference,bklm16,0.018,0,results/DQMR/qmr-50/or-50-20-2-10,14852
DQMR-50,inference,sbk05,,,results/DQMR/qmr-50/or-50-20-5-40,14480
DQMR-50,encoding,cd05,0.06,,results/DQMR/qmr-50/or-50-20-7-10,12668
DQMR-50,inference,cd05,,,results/DQMR/qmr-50/or-50-10-10-20,14572
DQMR-50,inference,cw,0.014,0.0343368,results/DQMR/qmr-50/or-50-10-8-20,15144
DQMR-50,inference,sbk05,,,results/DQMR/qmr-50/or-50-10-2-10,14324
DQMR-50,inference,bklm16,0.021,0,results/DQMR/qmr-50/or-50-20-9-10,14840
DQMR-50,encoding,cd06,0.07,,results/DQMR/qmr-50/or-50-10-7-20,12616
DQMR-50,encoding,d02,0.07,,results/DQMR/qmr-50/or-50-10-6-30,12872
DQMR-50,encoding,cd05,0.06,,results/DQMR/qmr-50/or-50-5-4-40,12708
DQMR-50,inference,cw,0.016,0.000316341,results/DQMR/qmr-50/or-50-10-4-40,15432
DQMR-50,inference,bklm16,0.018,0,results/DQMR/qmr-50/or-50-5-6-40,15104
DQMR-50,encoding,bklm16,0.07,,results/DQMR/qmr-50/or-50-5-2-30,12744
DQMR-50,inference,cd05,,,results/DQMR/qmr-50/or-50-20-4-40,14332
DQMR-50,inference,sbk05,,,results/DQMR/qmr-50/or-50-20-4-40,14652
DQMR-50,inference,cd05,,,results/DQMR/qmr-50/or-50-10-7-30,14416
DQMR-50,encoding,d02,0.06,,results/DQMR/qmr-50/or-50-5-5-30,12700
DQMR-50,encoding,cd05,0.06,,results/DQMR/qmr-50/or-50-20-1-30,12804
DQMR-50,encoding,d02,0.06,,results/DQMR/qmr-50/or-50-5-7-10,12728
DQMR-50,inference,cw,0.014,0.0101955,results/DQMR/qmr-50/or-50-5-8-30,15136
DQMR-50,encoding,sbk06,0.07,,results/DQMR/qmr-50/or-50-20-1-20,12684
DQMR-50,encoding,sbk06,0.08,,results/DQMR/qmr-50/or-50-5-10-10,12936
DQMR-50,inference,cd05,,,results/DQMR/qmr-50/or-50-5-2-10,14496
DQMR-50,inference,bklm16,0.018,0,results/DQMR/qmr-50/or-50-10-3-30,15244
DQMR-50,inference,d02,,,results/DQMR/qmr-50/or-50-10-4-30,14376
DQMR-50,inference,d02,,,results/DQMR/qmr-50/or-50-10-8-30,14452
DQMR-50,encoding,cd06,0.07,,results/DQMR/qmr-50/or-50-20-5-10,12836
DQMR-50,encoding,cd06,0.07,,results/DQMR/qmr-50/or-50-5-10-10,12676
DQMR-50,inference,bklm16,0.019,0,results/DQMR/qmr-50/or-50-5-4-40,15236
DQMR-50,inference,cw,0.015,0.000740012,results/DQMR/qmr-50/or-50-20-6-20,15204
DQMR-50,encoding,cd06,0.06,,results/DQMR/qmr-50/or-50-5-4-30,12696
DQMR-50,encoding,cw,0.07,,results/DQMR/qmr-50/or-50-20-1-40,12724
DQMR-50,encoding,d02,0.07,,results/DQMR/qmr-50/or-50-20-8-30,12704
DQMR-50,inference,cw,0.016,1.8248e-05,results/DQMR/qmr-50/or-50-10-1-40,15284
DQMR-50,encoding,d02,0.08,,results/DQMR/qmr-50/or-50-10-2-10,12692
DQMR-50,encoding,cd06,0.07,,results/DQMR/qmr-50/or-50-5-6-40,12736
DQMR-50,encoding,cd06,0.06,,results/DQMR/qmr-50/or-50-5-2-40,12936
DQMR-50,inference,cw,0.014,8.85916e-06,results/DQMR/qmr-50/or-50-20-9-30,15204
DQMR-50,encoding,cd05,0.07,,results/DQMR/qmr-50/or-50-10-1-40,12680
DQMR-50,inference,cd06,,,results/DQMR/qmr-50/or-50-20-7-10,14532
DQMR-50,encoding,d02,0.07,,results/DQMR/qmr-50/or-50-5-10-40,12676
DQMR-50,inference,bklm16,0.016,0,results/DQMR/qmr-50/or-50-5-10-10,15108
DQMR-50,inference,cw,0.017,0.000482501,results/DQMR/qmr-50/or-50-10-7-30,15424
DQMR-50,inference,bklm16,0.019,0,results/DQMR/qmr-50/or-50-5-8-20,15276
DQMR-50,encoding,cw,0.08,,results/DQMR/qmr-50/or-50-10-5-10,12764
DQMR-50,inference,cw,0.015,0.000306046,results/DQMR/qmr-50/or-50-10-5-40,15320
DQMR-50,encoding,cd05,0.07,,results/DQMR/qmr-50/or-50-10-3-20,12660
DQMR-50,inference,cw,0.015,0.00143753,results/DQMR/qmr-50/or-50-10-1-20,15120
DQMR-50,inference,sbk05,,,results/DQMR/qmr-50/or-50-10-6-40,14484
DQMR-50,inference,cd05,,,results/DQMR/qmr-50/or-50-20-4-10,14368
DQMR-50,encoding,sbk06,0.07,,results/DQMR/qmr-50/or-50-20-6-20,12792
DQMR-50,inference,bklm16,0.016,0,results/DQMR/qmr-50/or-50-10-7-10,15200
DQMR-50,encoding,cd06,0.06,,results/DQMR/qmr-50/or-50-10-6-40,12788
DQMR-50,encoding,cd05,0.06,,results/DQMR/qmr-50/or-50-5-4-10,12700
DQMR-50,inference,cd05,,,results/DQMR/qmr-50/or-50-5-7-40,14384
DQMR-50,encoding,cw,0.07,,results/DQMR/qmr-50/or-50-20-10-40,12744
DQMR-50,inference,d02,,,results/DQMR/qmr-50/or-50-5-8-10,14532
DQMR-50,encoding,d02,0.07,,results/DQMR/qmr-50/or-50-20-4-10,12872
DQMR-50,inference,cw,0.014,0.397214,results/DQMR/qmr-50/or-50-5-10-10,15052
DQMR-50,inference,d02,,,results/DQMR/qmr-50/or-50-20-2-10,14628
DQMR-50,encoding,d02,0.07,,results/DQMR/qmr-50/or-50-10-3-10,12664
DQMR-50,inference,cw,0.014,0.0324957,results/DQMR/qmr-50/or-50-10-5-10,15264
DQMR-50,encoding,cd05,0.07,,results/DQMR/qmr-50/or-50-20-5-40,12724
DQMR-50,inference,sbk05,,,results/DQMR/qmr-50/or-50-10-5-30,14536
DQMR-50,inference,sbk05,,,results/DQMR/qmr-50/or-50-10-1-20,14536
DQMR-50,inference,cd06,,,results/DQMR/qmr-50/or-50-5-6-20,14344
DQMR-50,encoding,cd06,0.07,,results/DQMR/qmr-50/or-50-20-3-20,12724
DQMR-50,encoding,d02,0.06,,results/DQMR/qmr-50/or-50-20-2-30,12840
DQMR-50,inference,d02,,,results/DQMR/qmr-50/or-50-20-6-10,14524
DQMR-50,inference,d02,,,results/DQMR/qmr-50/or-50-10-2-30,14324
DQMR-50,encoding,cd05,0.06,,results/DQMR/qmr-50/or-50-20-5-30,12784
DQMR-50,encoding,bklm16,0.08,,results/DQMR/qmr-50/or-50-20-8-10,12756
DQMR-50,encoding,cd06,0.06,,results/DQMR/qmr-50/or-50-5-7-30,12680
DQMR-50,encoding,bklm16,0.07,,results/DQMR/qmr-50/or-50-5-6-40,12944
DQMR-50,inference,d02,,,results/DQMR/qmr-50/or-50-10-5-30,14456
DQMR-50,inference,cd06,,,results/DQMR/qmr-50/or-50-20-5-10,14440
DQMR-50,encoding,cd06,0.06,,results/DQMR/qmr-50/or-50-5-5-20,12624
DQMR-50,inference,cw,0.013,0.00214411,results/DQMR/qmr-50/or-50-5-7-30,15480
DQMR-50,encoding,cw,0.07,,results/DQMR/qmr-50/or-50-5-4-30,12692
DQMR-50,inference,bklm16,0.018,0,results/DQMR/qmr-50/or-50-20-4-10,14896
DQMR-50,encoding,bklm16,0.08,,results/DQMR/qmr-50/or-50-20-8-30,12760
DQMR-50,inference,sbk05,,,results/DQMR/qmr-50/or-50-20-6-40,14360
DQMR-50,encoding,cw,0.07,,results/DQMR/qmr-50/or-50-20-4-10,12740
DQMR-50,inference,d02,,,results/DQMR/qmr-50/or-50-5-1-20,14288
DQMR-50,inference,bklm16,0.018,0,results/DQMR/qmr-50/or-50-5-10-40,15252
DQMR-50,inference,bklm16,0.019,0,results/DQMR/qmr-50/or-50-20-9-40,15332
DQMR-50,inference,cd05,,,results/DQMR/qmr-50/or-50-20-5-30,14392
DQMR-50,inference,cw,0.017,5.07059e-05,results/DQMR/qmr-50/or-50-10-2-20,15152
DQMR-50,inference,cd05,,,results/DQMR/qmr-50/or-50-20-2-20,14540
DQMR-50,encoding,bklm16,0.07,,results/DQMR/qmr-50/or-50-20-9-20,12704
DQMR-50,encoding,cd06,0.07,,results/DQMR/qmr-50/or-50-5-4-20,12584
DQMR-50,encoding,d02,0.06,,results/DQMR/qmr-50/or-50-20-7-30,12800
DQMR-50,inference,cd05,,,results/DQMR/qmr-50/or-50-5-6-40,14560
DQMR-50,inference,cd05,,,results/DQMR/qmr-50/or-50-20-6-30,14388
DQMR-50,encoding,sbk06,0.06,,results/DQMR/qmr-50/or-50-5-1-30,12828
DQMR-50,inference,d02,,,results/DQMR/qmr-50/or-50-20-4-20,14388
DQMR-50,encoding,d02,0.07,,results/DQMR/qmr-50/or-50-20-5-40,12736
DQMR-50,inference,bklm16,0.02,0,results/DQMR/qmr-50/or-50-20-10-10,15120
DQMR-50,encoding,bklm16,0.07,,results/DQMR/qmr-50/or-50-5-8-30,12712
DQMR-50,inference,cd06,,,results/DQMR/qmr-50/or-50-10-2-10,14384
DQMR-50,encoding,cd06,0.07,,results/DQMR/qmr-50/or-50-10-8-10,12700
DQMR-50,inference,cd06,,,results/DQMR/qmr-50/or-50-10-4-10,14612
DQMR-50,inference,cw,0.013,0.00271439,results/DQMR/qmr-50/or-50-20-5-20,15292
DQMR-50,encoding,bklm16,0.07,,results/DQMR/qmr-50/or-50-5-1-40,12772
DQMR-50,inference,sbk05,,,results/DQMR/qmr-50/or-50-20-9-30,14276
DQMR-50,inference,cd06,,,results/DQMR/qmr-50/or-50-5-9-10,14596
DQMR-50,inference,cd06,,,results/DQMR/qmr-50/or-50-20-3-10,14548
DQMR-50,encoding,cd06,0.06,,results/DQMR/qmr-50/or-50-10-6-10,12736
DQMR-50,encoding,cd06,0.06,,results/DQMR/qmr-50/or-50-10-7-30,12840
DQMR-50,encoding,cw,0.08,,results/DQMR/qmr-50/or-50-10-9-30,12744
DQMR-50,encoding,cd06,0.07,,results/DQMR/qmr-50/or-50-20-2-40,12704
DQMR-50,inference,bklm16,0.018,0,results/DQMR/qmr-50/or-50-5-3-30,15132
DQMR-50,encoding,cw,0.07,,results/DQMR/qmr-50/or-50-10-4-40,12628
DQMR-50,encoding,cd06,0.07,,results/DQMR/qmr-50/or-50-5-10-30,12684
DQMR-50,inference,cd06,,,results/DQMR/qmr-50/or-50-20-1-10,14592
DQMR-50,inference,cd06,,,results/DQMR/qmr-50/or-50-10-10-10,14580
DQMR-50,inference,cd06,,,results/DQMR/qmr-50/or-50-10-6-10,14488
DQMR-50,encoding,cd05,0.07,,results/DQMR/qmr-50/or-50-10-7-30,12688
DQMR-50,encoding,cw,0.07,,results/DQMR/qmr-50/or-50-5-2-40,12744
DQMR-50,encoding,cd06,0.07,,results/DQMR/qmr-50/or-50-10-8-30,12716
DQMR-50,inference,cd05,,,results/DQMR/qmr-50/or-50-10-9-10,14312
DQMR-50,encoding,sbk06,0.06,,results/DQMR/qmr-50/or-50-10-6-10,12796
DQMR-50,encoding,cd05,0.08,,results/DQMR/qmr-50/or-50-10-4-30,12684
DQMR-50,inference,d02,,,results/DQMR/qmr-50/or-50-20-7-40,14376
DQMR-50,inference,sbk05,,,results/DQMR/qmr-50/or-50-10-6-20,14540
DQMR-50,encoding,cw,0.07,,results/DQMR/qmr-50/or-50-5-3-40,12908
DQMR-50,inference,d02,,,results/DQMR/qmr-50/or-50-5-5-40,14620
DQMR-50,encoding,d02,0.07,,results/DQMR/qmr-50/or-50-10-8-30,12732
DQMR-50,inference,sbk05,,,results/DQMR/qmr-50/or-50-10-5-20,14512
DQMR-50,inference,sbk05,,,results/DQMR/qmr-50/or-50-5-7-30,14500
DQMR-50,inference,cd06,,,results/DQMR/qmr-50/or-50-10-9-10,14472
DQMR-50,encoding,bklm16,0.07,,results/DQMR/qmr-50/or-50-5-6-20,12936
DQMR-50,inference,d02,,,results/DQMR/qmr-50/or-50-5-10-20,14548
DQMR-50,inference,cd05,,,results/DQMR/qmr-50/or-50-5-10-20,14292
DQMR-50,encoding,cd06,0.06,,results/DQMR/qmr-50/or-50-5-8-40,12692
DQMR-50,encoding,cd06,0.07,,results/DQMR/qmr-50/or-50-5-3-20,12880
DQMR-50,inference,cd06,,,results/DQMR/qmr-50/or-50-20-3-40,14596
DQMR-50,encoding,d02,0.06,,results/DQMR/qmr-50/or-50-5-4-30,12924
DQMR-50,encoding,d02,0.07,,results/DQMR/qmr-50/or-50-5-10-10,12804
DQMR-50,inference,sbk05,,,results/DQMR/qmr-50/or-50-5-9-30,14384
DQMR-50,encoding,cw,0.08,,results/DQMR/qmr-50/or-50-20-6-40,12648
DQMR-50,encoding,sbk06,0.07,,results/DQMR/qmr-50/or-50-10-1-10,12732
DQMR-50,encoding,cw,0.08,,results/DQMR/qmr-50/or-50-10-7-30,12820
DQMR-50,inference,cw,0.014,0.0291118,results/DQMR/qmr-50/or-50-20-9-10,15476
DQMR-50,encoding,d02,0.07,,results/DQMR/qmr-50/or-50-20-3-30,12664
DQMR-50,inference,sbk05,,,results/DQMR/qmr-50/or-50-10-4-40,14656
DQMR-50,encoding,bklm16,0.08,,results/DQMR/qmr-50/or-50-10-10-10,12696
DQMR-50,encoding,bklm16,0.07,,results/DQMR/qmr-50/or-50-20-9-40,12752
DQMR-50,inference,bklm16,0.018,0,results/DQMR/qmr-50/or-50-10-8-10,15052
DQMR-50,inference,cd06,,,results/DQMR/qmr-50/or-50-20-6-20,14480
DQMR-50,encoding,sbk06,0.13,,results/DQMR/qmr-50/or-50-10-4-20,12744
DQMR-50,inference,d02,,,results/DQMR/qmr-50/or-50-20-3-20,14380
DQMR-50,encoding,cd06,0.07,,results/DQMR/qmr-50/or-50-20-7-10,12672
DQMR-50,encoding,cw,0.07,,results/DQMR/qmr-50/or-50-20-8-40,12816
DQMR-50,encoding,sbk06,0.06,,results/DQMR/qmr-50/or-50-5-2-20,12848
DQMR-50,inference,d02,,,results/DQMR/qmr-50/or-50-5-9-10,14524
DQMR-50,encoding,cw,0.07,,results/DQMR/qmr-50/or-50-20-2-40,12964
DQMR-50,inference,bklm16,0.019,0,results/DQMR/qmr-50/or-50-20-4-30,15224
DQMR-50,encoding,sbk06,0.06,,results/DQMR/qmr-50/or-50-20-7-40,12692
DQMR-50,encoding,cd05,0.08,,results/DQMR/qmr-50/or-50-10-8-10,12924
DQMR-50,inference,cd05,,,results/DQMR/qmr-50/or-50-10-3-30,14464
DQMR-50,encoding,bklm16,0.07,,results/DQMR/qmr-50/or-50-10-10-20,12712
DQMR-50,encoding,sbk06,0.07,,results/DQMR/qmr-50/or-50-20-6-10,12872
DQMR-50,inference,sbk05,,,results/DQMR/qmr-50/or-50-5-5-10,14576
DQMR-50,encoding,cw,0.07,,results/DQMR/qmr-50/or-50-5-3-20,12724
DQMR-50,encoding,cw,0.08,,results/DQMR/qmr-50/or-50-10-1-10,12756
DQMR-50,inference,cd06,,,results/DQMR/qmr-50/or-50-5-1-30,14540
DQMR-50,inference,cw,0.018,0.00395447,results/DQMR/qmr-50/or-50-10-7-20,15120
DQMR-50,inference,sbk05,,,results/DQMR/qmr-50/or-50-5-7-10,14580
DQMR-50,inference,cd06,,,results/DQMR/qmr-50/or-50-5-6-40,14592
DQMR-50,inference,sbk05,,,results/DQMR/qmr-50/or-50-20-2-10,14284
DQMR-50,inference,cd06,,,results/DQMR/qmr-50/or-50-5-4-20,14288
DQMR-50,encoding,cw,0.07,,results/DQMR/qmr-50/or-50-5-1-40,12732
DQMR-50,encoding,cd05,0.06,,results/DQMR/qmr-50/or-50-10-8-30,12732
DQMR-50,encoding,cd05,0.06,,results/DQMR/qmr-50/or-50-5-5-40,12864
DQMR-50,inference,cd05,,,results/DQMR/qmr-50/or-50-5-6-30,14600
DQMR-50,inference,d02,,,results/DQMR/qmr-50/or-50-20-8-40,14456
DQMR-50,inference,bklm16,0.02,0,results/DQMR/qmr-50/or-50-10-7-30,14976
DQMR-50,inference,d02,,,results/DQMR/qmr-50/or-50-5-4-10,14540
DQMR-50,inference,cd05,,,results/DQMR/qmr-50/or-50-5-3-20,14468
DQMR-50,encoding,cw,0.07,,results/DQMR/qmr-50/or-50-5-4-40,12948
DQMR-50,encoding,cw,0.08,,results/DQMR/qmr-50/or-50-5-10-10,12736
DQMR-50,inference,cd06,,,results/DQMR/qmr-50/or-50-20-6-10,14368
DQMR-50,encoding,d02,0.07,,results/DQMR/qmr-50/or-50-10-7-40,12672
DQMR-50,encoding,cd05,0.07,,results/DQMR/qmr-50/or-50-10-2-20,12896
DQMR-50,inference,sbk05,,,results/DQMR/qmr-50/or-50-5-5-20,14252
DQMR-50,encoding,sbk06,0.06,,results/DQMR/qmr-50/or-50-5-7-30,12680
DQMR-50,encoding,cd06,0.07,,results/DQMR/qmr-50/or-50-20-1-40,12872
DQMR-50,encoding,bklm16,0.07,,results/DQMR/qmr-50/or-50-20-6-10,12708
DQMR-50,inference,cd05,,,results/DQMR/qmr-50/or-50-10-10-40,14408
DQMR-50,inference,bklm16,0.022,0,results/DQMR/qmr-50/or-50-10-3-20,14956
DQMR-50,encoding,sbk06,0.07,,results/DQMR/qmr-50/or-50-10-9-20,12676
DQMR-50,inference,sbk05,,,results/DQMR/qmr-50/or-50-10-5-10,14472
DQMR-50,inference,d02,,,results/DQMR/qmr-50/or-50-20-8-30,14356
DQMR-50,encoding,d02,0.06,,results/DQMR/qmr-50/or-50-10-9-10,12716
DQMR-50,inference,cd06,,,results/DQMR/qmr-50/or-50-5-2-10,14508
DQMR-50,encoding,cd06,0.06,,results/DQMR/qmr-50/or-50-10-5-30,12836
DQMR-50,inference,cd06,,,results/DQMR/qmr-50/or-50-20-8-20,14492
DQMR-50,inference,sbk05,,,results/DQMR/qmr-50/or-50-10-2-20,14604
DQMR-50,inference,bklm16,0.019,0,results/DQMR/qmr-50/or-50-5-5-40,15060
DQMR-50,inference,d02,,,results/DQMR/qmr-50/or-50-5-6-30,14588
DQMR-50,inference,cw,0.023,0.000280837,results/DQMR/qmr-50/or-50-10-8-40,15300
DQMR-50,encoding,d02,0.07,,results/DQMR/qmr-50/or-50-10-5-30,12868
DQMR-50,inference,sbk05,,,results/DQMR/qmr-50/or-50-10-9-10,14476
DQMR-50,encoding,bklm16,0.07,,results/DQMR/qmr-50/or-50-20-1-40,12764
DQMR-50,inference,cd05,,,results/DQMR/qmr-50/or-50-10-3-20,14424
DQMR-50,encoding,cw,0.07,,results/DQMR/qmr-50/or-50-5-7-20,12636
DQMR-50,encoding,cd06,0.08,,results/DQMR/qmr-50/or-50-5-8-10,12664
DQMR-50,encoding,cd06,0.08,,results/DQMR/qmr-50/or-50-20-2-20,12784
DQMR-50,inference,cw,0.013,0.00376292,results/DQMR/qmr-50/or-50-10-9-30,15420
DQMR-50,encoding,cd06,0.07,,results/DQMR/qmr-50/or-50-10-10-30,12696
DQMR-50,encoding,sbk06,0.07,,results/DQMR/qmr-50/or-50-20-4-40,12944
DQMR-50,encoding,cw,0.07,,results/DQMR/qmr-50/or-50-5-3-10,12764
DQMR-50,inference,cd05,,,results/DQMR/qmr-50/or-50-5-3-40,14472
DQMR-50,encoding,cd06,0.07,,results/DQMR/qmr-50/or-50-20-7-30,12780
DQMR-50,encoding,sbk06,0.07,,results/DQMR/qmr-50/or-50-20-8-20,12680
DQMR-50,encoding,cw,0.07,,results/DQMR/qmr-50/or-50-20-7-10,12744
DQMR-50,encoding,cd06,0.07,,results/DQMR/qmr-50/or-50-5-10-40,12656
DQMR-50,inference,bklm16,0.017,0,results/DQMR/qmr-50/or-50-10-10-10,15152
DQMR-50,encoding,bklm16,0.09,,results/DQMR/qmr-50/or-50-10-3-30,12744
DQMR-50,inference,cw,0.014,0.00692767,results/DQMR/qmr-50/or-50-5-3-10,15056
DQMR-50,encoding,cd06,0.07,,results/DQMR/qmr-50/or-50-20-4-20,12708
DQMR-50,encoding,sbk06,0.07,,results/DQMR/qmr-50/or-50-10-2-40,12880
DQMR-50,encoding,cd06,0.06,,results/DQMR/qmr-50/or-50-5-8-20,12752
DQMR-50,inference,d02,,,results/DQMR/qmr-50/or-50-20-2-30,14576
DQMR-50,encoding,sbk06,0.06,,results/DQMR/qmr-50/or-50-5-8-40,12924
DQMR-50,inference,cw,0.012,0.0280255,results/DQMR/qmr-50/or-50-5-4-10,15352
DQMR-50,encoding,sbk06,0.06,,results/DQMR/qmr-50/or-50-20-2-10,12728
DQMR-50,inference,d02,,,results/DQMR/qmr-50/or-50-20-9-40,14412
DQMR-50,encoding,sbk06,0.06,,results/DQMR/qmr-50/or-50-5-6-10,12696
DQMR-50,inference,cw,0.015,7.20056e-05,results/DQMR/qmr-50/or-50-20-3-20,15780
DQMR-50,inference,bklm16,0.02,0,results/DQMR/qmr-50/or-50-5-3-40,14972
DQMR-50,inference,bklm16,0.018,0,results/DQMR/qmr-50/or-50-10-1-30,15108
DQMR-50,inference,d02,,,results/DQMR/qmr-50/or-50-20-7-20,14604
DQMR-50,encoding,cd05,0.06,,results/DQMR/qmr-50/or-50-5-5-20,12700
DQMR-50,inference,cw,0.016,5.73813e-06,results/DQMR/qmr-50/or-50-20-3-30,15476
DQMR-50,inference,bklm16,0.019,0,results/DQMR/qmr-50/or-50-5-10-30,15060
DQMR-50,encoding,sbk06,0.07,,results/DQMR/qmr-50/or-50-10-3-20,12684
DQMR-50,inference,cd05,,,results/DQMR/qmr-50/or-50-10-2-10,14532
DQMR-50,encoding,cd05,0.06,,results/DQMR/qmr-50/or-50-20-4-10,12868
DQMR-50,inference,cw,0.014,0.0290822,results/DQMR/qmr-50/or-50-5-9-30,15324
DQMR-50,encoding,sbk06,0.06,,results/DQMR/qmr-50/or-50-5-7-20,12708
DQMR-50,encoding,cw,0.1,,results/DQMR/qmr-50/or-50-10-8-40,12952
DQMR-50,encoding,sbk06,0.07,,results/DQMR/qmr-50/or-50-5-10-40,12672
DQMR-50,inference,cw,0.016,0.00021423,results/DQMR/qmr-50/or-50-20-1-20,15708
DQMR-50,inference,d02,,,results/DQMR/qmr-50/or-50-5-4-20,14500
DQMR-50,encoding,cd05,0.06,,results/DQMR/qmr-50/or-50-10-9-30,12872
DQMR-50,inference,bklm16,0.019,0,results/DQMR/qmr-50/or-50-5-6-20,15024
DQMR-50,encoding,bklm16,0.07,,results/DQMR/qmr-50/or-50-5-7-10,12756
DQMR-50,encoding,sbk06,0.08,,results/DQMR/qmr-50/or-50-10-9-10,12668
DQMR-50,encoding,bklm16,0.07,,results/DQMR/qmr-50/or-50-20-3-10,12796
DQMR-50,inference,cw,0.015,0.0001715,results/DQMR/qmr-50/or-50-5-4-30,15388
DQMR-50,inference,d02,,,results/DQMR/qmr-50/or-50-10-1-30,14456
DQMR-50,encoding,cd05,0.06,,results/DQMR/qmr-50/or-50-20-9-10,12684
DQMR-50,encoding,d02,0.06,,results/DQMR/qmr-50/or-50-20-3-20,12840
DQMR-50,encoding,bklm16,0.07,,results/DQMR/qmr-50/or-50-5-10-10,12736
DQMR-50,encoding,bklm16,0.06,,results/DQMR/qmr-50/or-50-5-2-40,12724
DQMR-50,encoding,bklm16,0.07,,results/DQMR/qmr-50/or-50-10-2-30,12708
DQMR-50,inference,cd06,,,results/DQMR/qmr-50/or-50-10-6-40,14536
DQMR-50,encoding,cd05,0.06,,results/DQMR/qmr-50/or-50-5-9-20,12740
DQMR-50,encoding,cd05,0.07,,results/DQMR/qmr-50/or-50-10-10-20,12668
DQMR-50,inference,cd05,,,results/DQMR/qmr-50/or-50-5-4-10,14368
DQMR-50,inference,sbk05,,,results/DQMR/qmr-50/or-50-5-7-40,14452
DQMR-50,inference,cd06,,,results/DQMR/qmr-50/or-50-20-4-10,14528
DQMR-50,inference,cd06,,,results/DQMR/qmr-50/or-50-5-2-40,14472
DQMR-50,inference,bklm16,0.017,0,results/DQMR/qmr-50/or-50-5-9-20,15200
DQMR-50,inference,cd06,,,results/DQMR/qmr-50/or-50-5-3-30,14584
DQMR-50,encoding,cd05,0.06,,results/DQMR/qmr-50/or-50-20-3-30,12644
DQMR-50,inference,bklm16,0.017,0,results/DQMR/qmr-50/or-50-5-9-30,15200
DQMR-50,encoding,sbk06,0.06,,results/DQMR/qmr-50/or-50-20-9-30,12696
DQMR-50,encoding,bklm16,0.07,,results/DQMR/qmr-50/or-50-10-1-40,12952
DQMR-50,encoding,cd05,0.07,,results/DQMR/qmr-50/or-50-20-2-40,12692
DQMR-50,inference,cw,0.013,0.0374277,results/DQMR/qmr-50/or-50-20-4-10,15340
DQMR-50,inference,bklm16,0.025,0,results/DQMR/qmr-50/or-50-20-2-40,15260
DQMR-50,inference,cd05,,,results/DQMR/qmr-50/or-50-5-3-30,14424
DQMR-50,encoding,cw,0.07,,results/DQMR/qmr-50/or-50-5-8-30,12632
DQMR-50,inference,cd05,,,results/DQMR/qmr-50/or-50-10-8-30,14640
DQMR-50,encoding,cw,0.08,,results/DQMR/qmr-50/or-50-20-9-10,12820
DQMR-50,encoding,cd06,0.07,,results/DQMR/qmr-50/or-50-20-9-30,12848
DQMR-50,encoding,d02,0.09,,results/DQMR/qmr-50/or-50-10-3-40,12840
DQMR-50,encoding,cd06,0.07,,results/DQMR/qmr-50/or-50-10-8-40,12792
DQMR-50,inference,sbk05,,,results/DQMR/qmr-50/or-50-20-9-40,14600
DQMR-50,encoding,sbk06,0.07,,results/DQMR/qmr-50/or-50-20-2-30,12840
DQMR-50,encoding,bklm16,0.06,,results/DQMR/qmr-50/or-50-5-3-10,12736
DQMR-50,encoding,d02,0.07,,results/DQMR/qmr-50/or-50-20-10-40,12716
DQMR-50,inference,bklm16,0.024,0,results/DQMR/qmr-50/or-50-20-10-20,16200
DQMR-50,encoding,bklm16,0.07,,results/DQMR/qmr-50/or-50-5-7-30,12860
DQMR-50,inference,sbk05,,,results/DQMR/qmr-50/or-50-5-8-30,14400
DQMR-50,inference,d02,,,results/DQMR/qmr-50/or-50-5-2-40,14576
DQMR-50,inference,bklm16,0.02,0,results/DQMR/qmr-50/or-50-10-6-10,15180
DQMR-50,encoding,cd05,0.06,,results/DQMR/qmr-50/or-50-5-2-30,12668
DQMR-50,encoding,sbk06,0.06,,results/DQMR/qmr-50/or-50-20-6-40,12740
DQMR-50,inference,sbk05,,,results/DQMR/qmr-50/or-50-20-10-40,14548
DQMR-50,inference,cd06,,,results/DQMR/qmr-50/or-50-5-3-40,14268
DQMR-50,inference,cd06,,,results/DQMR/qmr-50/or-50-10-6-30,14632
DQMR-50,encoding,sbk06,0.08,,results/DQMR/qmr-50/or-50-20-10-10,12796
DQMR-50,encoding,cd06,0.07,,results/DQMR/qmr-50/or-50-5-4-10,12760
DQMR-50,encoding,d02,0.07,,results/DQMR/qmr-50/or-50-5-7-40,12692
DQMR-50,inference,cd06,,,results/DQMR/qmr-50/or-50-20-7-30,14484
DQMR-50,encoding,cd06,0.07,,results/DQMR/qmr-50/or-50-5-4-40,12676
DQMR-50,inference,cd05,,,results/DQMR/qmr-50/or-50-10-6-20,14456
DQMR-50,inference,d02,,,results/DQMR/qmr-50/or-50-5-4-40,14620
DQMR-50,encoding,bklm16,0.07,,results/DQMR/qmr-50/or-50-10-9-40,12748
DQMR-50,inference,cd06,,,results/DQMR/qmr-50/or-50-10-5-10,14568
DQMR-50,encoding,sbk06,0.06,,results/DQMR/qmr-50/or-50-20-9-40,12784
DQMR-50,inference,cd05,,,results/DQMR/qmr-50/or-50-10-5-10,14516
DQMR-50,inference,d02,,,results/DQMR/qmr-50/or-50-10-8-40,14432
DQMR-50,inference,cd06,,,results/DQMR/qmr-50/or-50-5-1-10,14292
DQMR-50,inference,d02,,,results/DQMR/qmr-50/or-50-10-2-10,14608
DQMR-50,inference,cw,0.017,5.27311e-06,results/DQMR/qmr-50/or-50-20-5-40,15744
DQMR-50,encoding,d02,0.06,,results/DQMR/qmr-50/or-50-20-9-10,12848
DQMR-50,encoding,cd05,0.07,,results/DQMR/qmr-50/or-50-20-8-30,12696
DQMR-50,encoding,bklm16,0.07,,results/DQMR/qmr-50/or-50-5-3-30,12928
DQMR-50,inference,cw,0.019,0.348572,results/DQMR/qmr-50/or-50-20-2-10,15252
DQMR-50,inference,cw,0.013,0.00234436,results/DQMR/qmr-50/or-50-5-5-20,15416
DQMR-50,inference,cd06,,,results/DQMR/qmr-50/or-50-5-3-20,14416
DQMR-50,encoding,d02,0.07,,results/DQMR/qmr-50/or-50-10-3-30,12748
DQMR-50,encoding,d02,0.07,,results/DQMR/qmr-50/or-50-10-1-20,12932
DQMR-50,encoding,cd05,0.07,,results/DQMR/qmr-50/or-50-10-10-10,12668
DQMR-50,inference,cw,0.013,0.0190381,results/DQMR/qmr-50/or-50-5-8-20,15396
DQMR-50,encoding,cd06,0.07,,results/DQMR/qmr-50/or-50-5-5-40,12644
DQMR-50,encoding,d02,0.08,,results/DQMR/qmr-50/or-50-10-2-20,12628
DQMR-50,encoding,cw,0.09,,results/DQMR/qmr-50/or-50-10-8-30,12656
DQMR-50,inference,sbk05,,,results/DQMR/qmr-50/or-50-10-8-30,14648
DQMR-50,inference,bklm16,0.019,0,results/DQMR/qmr-50/or-50-5-1-40,15160
DQMR-50,encoding,cd05,0.06,,results/DQMR/qmr-50/or-50-10-5-10,12676
DQMR-50,inference,sbk05,,,results/DQMR/qmr-50/or-50-5-1-30,14400
DQMR-50,encoding,d02,0.07,,results/DQMR/qmr-50/or-50-20-2-10,12848
DQMR-50,encoding,d02,0.07,,results/DQMR/qmr-50/or-50-10-1-30,12716
DQMR-50,encoding,cd05,0.06,,results/DQMR/qmr-50/or-50-10-6-40,12936
DQMR-50,inference,bklm16,0.017,0,results/DQMR/qmr-50/or-50-10-2-30,15104
DQMR-50,encoding,cd05,0.06,,results/DQMR/qmr-50/or-50-5-4-20,12880
DQMR-50,inference,cd06,,,results/DQMR/qmr-50/or-50-10-1-20,14424
DQMR-50,encoding,cd05,0.06,,results/DQMR/qmr-50/or-50-20-6-20,12784
DQMR-50,encoding,cd06,0.06,,results/DQMR/qmr-50/or-50-5-6-30,12680
DQMR-50,encoding,d02,0.07,,results/DQMR/qmr-50/or-50-5-6-40,12828
DQMR-50,encoding,bklm16,0.06,,results/DQMR/qmr-50/or-50-5-3-20,12720
DQMR-50,inference,bklm16,0.018,0,results/DQMR/qmr-50/or-50-5-7-40,14948
DQMR-50,inference,sbk05,,,results/DQMR/qmr-50/or-50-10-8-10,14536
DQMR-50,encoding,cd05,0.07,,results/DQMR/qmr-50/or-50-10-4-40,12844
DQMR-50,inference,cd05,,,results/DQMR/qmr-50/or-50-5-7-20,14552
DQMR-50,inference,cw,0.013,0.0141827,results/DQMR/qmr-50/or-50-10-10-20,15244
DQMR-50,encoding,d02,0.06,,results/DQMR/qmr-50/or-50-10-9-40,12848
DQMR-50,inference,d02,,,results/DQMR/qmr-50/or-50-20-6-20,14384
DQMR-50,inference,bklm16,0.019,0,results/DQMR/qmr-50/or-50-10-6-30,14908
DQMR-50,encoding,d02,0.09,,results/DQMR/qmr-50/or-50-10-4-10,12668
DQMR-50,encoding,d02,0.07,,results/DQMR/qmr-50/or-50-5-1-30,12732
DQMR-50,encoding,cw,0.07,,results/DQMR/qmr-50/or-50-20-3-10,12728
DQMR-50,encoding,cd06,0.07,,results/DQMR/qmr-50/or-50-10-2-10,12668
DQMR-50,encoding,bklm16,0.06,,results/DQMR/qmr-50/or-50-10-6-10,12756
DQMR-50,encoding,cd05,0.06,,results/DQMR/qmr-50/or-50-20-3-10,12692
DQMR-50,inference,cd06,,,results/DQMR/qmr-50/or-50-10-9-30,14420
DQMR-50,encoding,d02,0.06,,results/DQMR/qmr-50/or-50-20-10-20,12880
DQMR-50,encoding,cw,0.07,,results/DQMR/qmr-50/or-50-20-3-40,12620
DQMR-50,inference,cd06,,,results/DQMR/qmr-50/or-50-5-8-10,14524
DQMR-50,inference,cw,0.017,0.0285386,results/DQMR/qmr-50/or-50-20-2-20,15492
DQMR-50,encoding,d02,0.07,,results/DQMR/qmr-50/or-50-5-9-30,12732
DQMR-50,inference,cw,0.013,0.000325478,results/DQMR/qmr-50/or-50-20-7-20,15308
DQMR-50,encoding,cd06,0.08,,results/DQMR/qmr-50/or-50-5-10-20,12720
DQMR-50,inference,cd05,,,results/DQMR/qmr-50/or-50-5-1-40,14436
DQMR-50,inference,bklm16,0.018,0,results/DQMR/qmr-50/or-50-20-2-30,15192
DQMR-50,inference,sbk05,,,results/DQMR/qmr-50/or-50-5-4-20,14432
DQMR-50,inference,d02,,,results/DQMR/qmr-50/or-50-20-5-20,14556
DQMR-50,encoding,cw,0.09,,results/DQMR/qmr-50/or-50-10-3-20,12752
DQMR-50,encoding,bklm16,0.09,,results/DQMR/qmr-50/or-50-20-9-10,12804
DQMR-50,encoding,cw,0.07,,results/DQMR/qmr-50/or-50-5-2-10,12736
DQMR-50,inference,sbk05,,,results/DQMR/qmr-50/or-50-20-4-10,14492
DQMR-50,inference,sbk05,,,results/DQMR/qmr-50/or-50-5-2-20,14356
DQMR-50,inference,cd05,,,results/DQMR/qmr-50/or-50-20-1-10,14604
DQMR-50,inference,sbk05,,,results/DQMR/qmr-50/or-50-10-4-10,14592
DQMR-50,inference,bklm16,0.019,0,results/DQMR/qmr-50/or-50-5-6-10,15200
DQMR-50,encoding,d02,0.07,,results/DQMR/qmr-50/or-50-20-1-40,12836
DQMR-50,inference,bklm16,0.018,0,results/DQMR/qmr-50/or-50-5-4-10,14996
DQMR-50,inference,sbk05,,,results/DQMR/qmr-50/or-50-5-10-40,14644
DQMR-50,encoding,cd05,0.06,,results/DQMR/qmr-50/or-50-5-8-10,12676
DQMR-50,inference,cd06,,,results/DQMR/qmr-50/or-50-10-2-30,14420
DQMR-50,inference,bklm16,0.022,0,results/DQMR/qmr-50/or-50-10-4-20,15208
DQMR-50,inference,cd05,,,results/DQMR/qmr-50/or-50-5-4-30,14560
DQMR-50,encoding,bklm16,0.06,,results/DQMR/qmr-50/or-50-5-7-20,12936
DQMR-50,encoding,bklm16,0.07,,results/DQMR/qmr-50/or-50-20-6-40,12764
DQMR-50,inference,bklm16,0.021,0,results/DQMR/qmr-50/or-50-20-4-40,15056
DQMR-50,inference,bklm16,0.019,0,results/DQMR/qmr-50/or-50-10-2-40,15240
DQMR-50,inference,bklm16,0.019,0,results/DQMR/qmr-50/or-50-10-5-30,15160
DQMR-50,inference,d02,,,results/DQMR/qmr-50/or-50-20-1-10,14484
DQMR-50,encoding,cd06,0.06,,results/DQMR/qmr-50/or-50-10-5-40,12728
DQMR-50,inference,d02,,,results/DQMR/qmr-50/or-50-20-4-30,14408
DQMR-50,encoding,cw,0.08,,results/DQMR/qmr-50/or-50-10-2-30,12816
DQMR-50,inference,cw,0.013,0.0292525,results/DQMR/qmr-50/or-50-20-7-10,15304
DQMR-50,inference,d02,,,results/DQMR/qmr-50/or-50-5-8-30,14596
DQMR-50,encoding,sbk06,0.06,,results/DQMR/qmr-50/or-50-5-4-30,12720
DQMR-50,inference,d02,,,results/DQMR/qmr-50/or-50-5-2-30,14464
DQMR-50,inference,sbk05,,,results/DQMR/qmr-50/or-50-20-6-20,14372
DQMR-50,inference,cd06,,,results/DQMR/qmr-50/or-50-5-9-30,14620
DQMR-50,encoding,bklm16,0.07,,results/DQMR/qmr-50/or-50-10-2-20,12928
DQMR-50,encoding,cw,0.08,,results/DQMR/qmr-50/or-50-10-9-40,12748
DQMR-50,encoding,cd05,0.09,,results/DQMR/qmr-50/or-50-20-10-10,12840
DQMR-50,inference,bklm16,0.018,0,results/DQMR/qmr-50/or-50-5-1-30,15164
DQMR-50,inference,cd06,,,results/DQMR/qmr-50/or-50-5-8-20,14548
DQMR-50,encoding,cd05,0.06,,results/DQMR/qmr-50/or-50-20-1-20,12672
DQMR-50,inference,cd06,,,results/DQMR/qmr-50/or-50-10-8-30,14360
DQMR-50,encoding,cw,0.07,,results/DQMR/qmr-50/or-50-10-5-30,12736
DQMR-50,inference,cw,0.014,0.000938445,results/DQMR/qmr-50/or-50-20-4-30,15388
DQMR-50,inference,d02,,,results/DQMR/qmr-50/or-50-5-1-30,14640
DQMR-50,encoding,cd06,0.07,,results/DQMR/qmr-50/or-50-10-8-20,12808
DQMR-50,inference,sbk05,,,results/DQMR/qmr-50/or-50-5-9-40,14460
DQMR-50,encoding,sbk06,0.07,,results/DQMR/qmr-50/or-50-5-3-10,12700
DQMR-50,encoding,bklm16,0.06,,results/DQMR/qmr-50/or-50-10-6-20,12760
DQMR-50,inference,cw,0.013,0.0780581,results/DQMR/qmr-50/or-50-20-1-10,15216
DQMR-50,encoding,cd06,0.07,,results/DQMR/qmr-50/or-50-5-7-10,12784
DQMR-50,encoding,sbk06,0.07,,results/DQMR/qmr-50/or-50-10-10-20,12936
DQMR-50,encoding,cd06,0.06,,results/DQMR/qmr-50/or-50-5-6-20,12704
DQMR-50,encoding,bklm16,0.07,,results/DQMR/qmr-50/or-50-5-4-10,12696
DQMR-50,encoding,cd05,0.06,,results/DQMR/qmr-50/or-50-5-2-40,12728
DQMR-50,inference,cw,0.014,0.00788896,results/DQMR/qmr-50/or-50-5-10-30,15440
DQMR-50,encoding,cd06,0.07,,results/DQMR/qmr-50/or-50-5-1-40,12632
DQMR-50,encoding,d02,0.06,,results/DQMR/qmr-50/or-50-20-2-20,12720
DQMR-50,inference,cw,0.014,0.00642561,results/DQMR/qmr-50/or-50-5-5-40,15252
DQMR-50,encoding,cw,0.07,,results/DQMR/qmr-50/or-50-20-8-30,12956
DQMR-50,inference,cw,0.013,0.0770689,results/DQMR/qmr-50/or-50-5-9-10,15132
DQMR-50,inference,cd05,,,results/DQMR/qmr-50/or-50-10-8-20,14560
DQMR-50,encoding,cw,0.07,,results/DQMR/qmr-50/or-50-10-6-10,12824
DQMR-50,encoding,d02,0.06,,results/DQMR/qmr-50/or-50-10-9-30,12928
DQMR-50,inference,bklm16,0.018,0,results/DQMR/qmr-50/or-50-20-8-20,14944
DQMR-50,inference,d02,,,results/DQMR/qmr-50/or-50-20-9-10,14472
DQMR-50,inference,cw,0.013,0.000146981,results/DQMR/qmr-50/or-50-20-8-30,15068
DQMR-50,inference,cd06,,,results/DQMR/qmr-50/or-50-5-6-30,14536
DQMR-50,inference,sbk05,,,results/DQMR/qmr-50/or-50-10-6-10,14488
DQMR-50,inference,cd06,,,results/DQMR/qmr-50/or-50-20-5-20,14452
DQMR-50,encoding,cw,0.07,,results/DQMR/qmr-50/or-50-10-6-20,12748
DQMR-50,encoding,d02,0.07,,results/DQMR/qmr-50/or-50-20-5-10,12700
DQMR-50,inference,bklm16,0.018,0,results/DQMR/qmr-50/or-50-5-7-10,15168
DQMR-50,inference,sbk05,,,results/DQMR/qmr-50/or-50-5-9-10,14532
DQMR-50,encoding,bklm16,0.07,,results/DQMR/qmr-50/or-50-20-7-30,12744
DQMR-50,encoding,bklm16,0.07,,results/DQMR/qmr-50/or-50-5-10-40,12724
DQMR-50,encoding,cw,0.07,,results/DQMR/qmr-50/or-50-5-2-20,12616
DQMR-50,encoding,cd05,0.06,,results/DQMR/qmr-50/or-50-5-10-20,12784
DQMR-50,encoding,cd05,0.07,,results/DQMR/qmr-50/or-50-10-4-10,12664
DQMR-50,encoding,d02,0.06,,results/DQMR/qmr-50/or-50-20-7-20,12936
DQMR-50,inference,sbk05,,,results/DQMR/qmr-50/or-50-5-6-10,14520
DQMR-50,inference,d02,,,results/DQMR/qmr-50/or-50-10-4-20,14316
DQMR-50,encoding,cd05,0.07,,results/DQMR/qmr-50/or-50-5-3-40,12884
DQMR-50,encoding,cd06,0.06,,results/DQMR/qmr-50/or-50-5-5-10,12808
DQMR-50,encoding,cd05,0.06,,results/DQMR/qmr-50/or-50-5-2-20,12792
DQMR-50,encoding,bklm16,0.06,,results/DQMR/qmr-50/or-50-10-6-40,12932
DQMR-50,encoding,bklm16,0.07,,results/DQMR/qmr-50/or-50-20-5-10,12800
DQMR-50,inference,cd05,,,results/DQMR/qmr-50/or-50-20-9-10,14456
DQMR-50,encoding,cd06,0.07,,results/DQMR/qmr-50/or-50-5-1-20,12936
DQMR-50,encoding,cd05,0.06,,results/DQMR/qmr-50/or-50-20-7-40,12708
DQMR-50,inference,d02,,,results/DQMR/qmr-50/or-50-5-8-40,14488
DQMR-50,encoding,sbk06,0.07,,results/DQMR/qmr-50/or-50-5-6-20,12804
DQMR-50,encoding,cd05,0.06,,results/DQMR/qmr-50/or-50-20-9-40,12876
DQMR-50,inference,bklm16,0.023,0,results/DQMR/qmr-50/or-50-20-5-40,15824
DQMR-50,encoding,sbk06,0.07,,results/DQMR/qmr-50/or-50-10-3-40,12784
DQMR-50,inference,cw,0.013,0.0584807,results/DQMR/qmr-50/or-50-20-5-10,15304
DQMR-50,inference,cd05,,,results/DQMR/qmr-50/or-50-10-8-40,14376
DQMR-50,inference,d02,,,results/DQMR/qmr-50/or-50-20-10-10,14368
DQMR-50,inference,cw,0.015,1.76162e-06,results/DQMR/qmr-50/or-50-20-9-40,15536
DQMR-50,encoding,cd05,0.06,,results/DQMR/qmr-50/or-50-5-3-10,12788
DQMR-50,encoding,cd06,0.07,,results/DQMR/qmr-50/or-50-20-9-40,12700
DQMR-50,inference,sbk05,,,results/DQMR/qmr-50/or-50-10-1-40,14500
DQMR-50,encoding,sbk06,0.07,,results/DQMR/qmr-50/or-50-20-5-10,12620
DQMR-50,inference,cw,0.016,0.00120346,results/DQMR/qmr-50/or-50-5-3-20,15308
DQMR-50,encoding,cd06,0.07,,results/DQMR/qmr-50/or-50-20-6-40,12740
DQMR-50,encoding,cd06,0.06,,results/DQMR/qmr-50/or-50-20-6-30,12732
DQMR-50,inference,sbk05,,,results/DQMR/qmr-50/or-50-20-7-40,14548
DQMR-50,encoding,d02,0.06,,results/DQMR/qmr-50/or-50-10-6-10,12772
DQMR-50,inference,sbk05,,,results/DQMR/qmr-50/or-50-5-3-30,14504
DQMR-50,inference,cd06,,,results/DQMR/qmr-50/or-50-10-3-40,14348
DQMR-50,inference,bklm16,0.016,0,results/DQMR/qmr-50/or-50-10-4-40,15244
DQMR-50,encoding,d02,0.07,,results/DQMR/qmr-50/or-50-5-6-20,12668
DQMR-50,inference,cw,0.014,0.0898893,results/DQMR/qmr-50/or-50-5-2-10,15432
DQMR-50,inference,cd06,,,results/DQMR/qmr-50/or-50-5-7-20,14524
DQMR-50,encoding,cd05,0.06,,results/DQMR/qmr-50/or-50-5-7-20,12812
DQMR-50,encoding,sbk06,0.07,,results/DQMR/qmr-50/or-50-20-7-30,12676
DQMR-50,inference,bklm16,0.018,0,results/DQMR/qmr-50/or-50-20-6-20,15260
DQMR-50,encoding,cd05,0.06,,results/DQMR/qmr-50/or-50-5-6-30,12800
DQMR-50,encoding,cd06,0.06,,results/DQMR/qmr-50/or-50-20-1-20,12732
DQMR-50,encoding,sbk06,0.07,,results/DQMR/qmr-50/or-50-10-9-40,12720
DQMR-50,inference,cd05,,,results/DQMR/qmr-50/or-50-5-8-30,14368
DQMR-50,encoding,cd05,0.06,,results/DQMR/qmr-50/or-50-5-1-30,12700
DQMR-50,inference,cw,0.014,1.41473e-05,results/DQMR/qmr-50/or-50-20-1-30,15492
DQMR-50,encoding,bklm16,0.07,,results/DQMR/qmr-50/or-50-20-6-30,12804
DQMR-50,encoding,cd05,0.06,,results/DQMR/qmr-50/or-50-20-7-20,12880
DQMR-50,inference,cd05,,,results/DQMR/qmr-50/or-50-20-7-20,14568
DQMR-50,inference,sbk05,,,results/DQMR/qmr-50/or-50-20-10-10,14432
DQMR-50,encoding,cd05,0.07,,results/DQMR/qmr-50/or-50-20-8-10,12720
DQMR-50,encoding,sbk06,0.06,,results/DQMR/qmr-50/or-50-5-9-20,12708
DQMR-50,encoding,cd05,0.07,,results/DQMR/qmr-50/or-50-5-1-20,12912
DQMR-50,encoding,bklm16,0.07,,results/DQMR/qmr-50/or-50-5-9-20,12804
DQMR-50,inference,bklm16,0.027,0,results/DQMR/qmr-50/or-50-10-7-20,15296
DQMR-50,inference,cd05,,,results/DQMR/qmr-50/or-50-20-4-30,14504
DQMR-50,inference,cd05,,,results/DQMR/qmr-50/or-50-20-1-40,14436
DQMR-50,inference,sbk05,,,results/DQMR/qmr-50/or-50-20-8-20,14424
DQMR-50,encoding,d02,0.07,,results/DQMR/qmr-50/or-50-5-3-40,12708
DQMR-50,encoding,d02,0.08,,results/DQMR/qmr-50/or-50-10-10-10,12688
DQMR-50,encoding,cw,0.07,,results/DQMR/qmr-50/or-50-20-5-40,12632
DQMR-50,encoding,cw,0.07,,results/DQMR/qmr-50/or-50-5-6-30,12728
DQMR-50,encoding,d02,0.06,,results/DQMR/qmr-50/or-50-5-1-40,12684
DQMR-50,inference,cd05,,,results/DQMR/qmr-50/or-50-10-6-40,14376
DQMR-50,inference,d02,,,results/DQMR/qmr-50/or-50-10-7-30,14464
DQMR-50,inference,sbk05,,,results/DQMR/qmr-50/or-50-10-4-30,14500
DQMR-50,encoding,d02,0.07,,results/DQMR/qmr-50/or-50-10-1-10,12708
DQMR-50,inference,cd05,,,results/DQMR/qmr-50/or-50-5-5-20,14412
DQMR-50,encoding,sbk06,0.08,,results/DQMR/qmr-50/or-50-20-5-40,12708
DQMR-50,encoding,d02,0.07,,results/DQMR/qmr-50/or-50-5-1-10,12784
DQMR-50,encoding,cd06,0.07,,results/DQMR/qmr-50/or-50-20-10-30,12708
DQMR-50,encoding,bklm16,0.07,,results/DQMR/qmr-50/or-50-20-3-30,12840
DQMR-50,inference,d02,,,results/DQMR/qmr-50/or-50-5-9-40,14540
DQMR-50,encoding,d02,0.07,,results/DQMR/qmr-50/or-50-5-1-20,12728
DQMR-50,encoding,bklm16,0.07,,results/DQMR/qmr-50/or-50-5-4-30,12728
DQMR-50,inference,d02,,,results/DQMR/qmr-50/or-50-10-3-10,14372
DQMR-50,encoding,sbk06,0.07,,results/DQMR/qmr-50/or-50-5-1-20,12852
DQMR-50,encoding,sbk06,0.07,,results/DQMR/qmr-50/or-50-10-7-40,12880
DQMR-50,encoding,cw,0.08,,results/DQMR/qmr-50/or-50-20-8-20,12752
DQMR-50,inference,cw,0.013,0.000931212,results/DQMR/qmr-50/or-50-5-3-40,15324
DQMR-50,inference,d02,,,results/DQMR/qmr-50/or-50-20-8-20,14592
DQMR-50,encoding,d02,0.07,,results/DQMR/qmr-50/or-50-5-2-40,12792
DQMR-50,encoding,bklm16,0.07,,results/DQMR/qmr-50/or-50-10-10-30,12724
DQMR-50,inference,cd06,,,results/DQMR/qmr-50/or-50-5-4-30,14568
DQMR-50,inference,sbk05,,,results/DQMR/qmr-50/or-50-5-1-10,14336
DQMR-50,inference,cw,0.019,2.19897e-06,results/DQMR/qmr-50/or-50-20-6-40,15604
DQMR-50,encoding,cd06,0.06,,results/DQMR/qmr-50/or-50-5-9-30,12872
DQMR-50,inference,bklm16,0.018,0,results/DQMR/qmr-50/or-50-10-1-20,14932
DQMR-50,encoding,cd06,0.06,,results/DQMR/qmr-50/or-50-20-10-20,12848
DQMR-50,encoding,bklm16,0.07,,results/DQMR/qmr-50/or-50-20-3-40,12808
DQMR-50,encoding,sbk06,0.06,,results/DQMR/qmr-50/or-50-20-5-20,12632
DQMR-50,encoding,cd05,0.07,,results/DQMR/qmr-50/or-50-10-10-40,12708
DQMR-50,encoding,sbk06,0.07,,results/DQMR/qmr-50/or-50-5-2-10,12620
DQMR-50,inference,cd06,,,results/DQMR/qmr-50/or-50-10-1-30,14528
DQMR-50,inference,bklm16,0.017,0,results/DQMR/qmr-50/or-50-10-9-30,15244
DQMR-50,encoding,bklm16,0.07,,results/DQMR/qmr-50/or-50-10-8-30,12728
DQMR-50,inference,cw,0.013,0.150095,results/DQMR/qmr-50/or-50-10-10-10,15188
DQMR-50,inference,sbk05,,,results/DQMR/qmr-50/or-50-20-9-10,14644
DQMR-50,encoding,cd06,0.07,,results/DQMR/qmr-50/or-50-10-1-20,12672
DQMR-50,encoding,cd06,0.07,,results/DQMR/qmr-50/or-50-10-7-10,12664
DQMR-50,encoding,cd06,0.07,,results/DQMR/qmr-50/or-50-20-4-30,12700
DQMR-50,encoding,bklm16,0.1,,results/DQMR/qmr-50/or-50-10-4-20,12920
DQMR-50,inference,cd06,,,results/DQMR/qmr-50/or-50-20-4-30,14544
DQMR-50,encoding,bklm16,0.09,,results/DQMR/qmr-50/or-50-10-10-40,12944
DQMR-50,encoding,d02,0.06,,results/DQMR/qmr-50/or-50-5-4-20,12632
DQMR-50,inference,cd05,,,results/DQMR/qmr-50/or-50-10-4-10,14480
DQMR-50,inference,d02,,,results/DQMR/qmr-50/or-50-20-4-40,14464
DQMR-50,encoding,d02,0.08,,results/DQMR/qmr-50/or-50-10-3-20,12728
DQMR-50,inference,cd06,,,results/DQMR/qmr-50/or-50-10-8-20,14596
DQMR-50,encoding,d02,0.06,,results/DQMR/qmr-50/or-50-5-9-40,12836
DQMR-50,encoding,cd06,0.06,,results/DQMR/qmr-50/or-50-5-2-10,12684
DQMR-50,inference,cd05,,,results/DQMR/qmr-50/or-50-20-6-40,14292
DQMR-50,inference,bklm16,0.016,0,results/DQMR/qmr-50/or-50-10-9-10,15124
DQMR-50,encoding,cd05,0.08,,results/DQMR/qmr-50/or-50-10-2-40,12932
DQMR-50,encoding,cw,0.08,,results/DQMR/qmr-50/or-50-5-10-20,12816
DQMR-50,encoding,cw,0.07,,results/DQMR/qmr-50/or-50-20-4-30,12676
DQMR-50,inference,d02,,,results/DQMR/qmr-50/or-50-10-9-10,14552
DQMR-50,inference,d02,,,results/DQMR/qmr-50/or-50-20-10-30,14552
DQMR-50,encoding,cw,0.07,,results/DQMR/qmr-50/or-50-5-5-40,12648
DQMR-50,inference,cw,0.013,0.121577,results/DQMR/qmr-50/or-50-10-8-10,15388
DQMR-50,encoding,sbk06,0.07,,results/DQMR/qmr-50/or-50-10-1-40,12740
DQMR-50,inference,d02,,,results/DQMR/qmr-50/or-50-20-10-40,14272
DQMR-50,inference,cw,0.015,3.22166e-05,results/DQMR/qmr-50/or-50-20-8-40,15340
DQMR-50,encoding,cw,0.08,,results/DQMR/qmr-50/or-50-10-10-10,12732
DQMR-50,encoding,cd05,0.08,,results/DQMR/qmr-50/or-50-10-3-30,12776
DQMR-50,encoding,sbk06,0.07,,results/DQMR/qmr-50/or-50-10-7-30,12924
DQMR-50,inference,cw,0.014,0.00560892,results/DQMR/qmr-50/or-50-20-10-10,15164
DQMR-50,inference,bklm16,0.017,0,results/DQMR/qmr-50/or-50-20-7-10,15116
DQMR-50,inference,sbk05,,,results/DQMR/qmr-50/or-50-20-2-30,14548
DQMR-50,encoding,bklm16,0.07,,results/DQMR/qmr-50/or-50-20-4-40,12748
DQMR-50,inference,cd05,,,results/DQMR/qmr-50/or-50-10-5-40,14424
DQMR-50,inference,d02,,,results/DQMR/qmr-50/or-50-20-7-10,14404
DQMR-50,inference,cd06,,,results/DQMR/qmr-50/or-50-5-4-10,14476
DQMR-50,inference,bklm16,0.019,0,results/DQMR/qmr-50/or-50-10-8-20,14944
DQMR-50,inference,bklm16,0.017,0,results/DQMR/qmr-50/or-50-20-6-10,14872
DQMR-50,encoding,cd05,0.07,,results/DQMR/qmr-50/or-50-10-1-30,12868
DQMR-50,inference,sbk05,,,results/DQMR/qmr-50/or-50-10-9-20,14532
DQMR-50,encoding,cd06,0.06,,results/DQMR/qmr-50/or-50-10-5-10,12684
DQMR-50,encoding,sbk06,0.08,,results/DQMR/qmr-50/or-50-10-5-10,12728
DQMR-50,inference,cd05,,,results/DQMR/qmr-50/or-50-10-9-40,14652
DQMR-50,encoding,cd05,0.06,,results/DQMR/qmr-50/or-50-5-7-40,12704
DQMR-50,inference,cw,0.014,4.18741e-06,results/DQMR/qmr-50/or-50-20-7-40,15080
DQMR-50,inference,cd06,,,results/DQMR/qmr-50/or-50-5-9-40,14616
DQMR-50,encoding,bklm16,0.07,,results/DQMR/qmr-50/or-50-5-2-10,12748
DQMR-50,encoding,cw,0.08,,results/DQMR/qmr-50/or-50-10-10-30,12668
DQMR-50,inference,cw,0.013,0.000355989,results/DQMR/qmr-50/or-50-5-1-40,15280
DQMR-50,inference,bklm16,0.016,0,results/DQMR/qmr-50/or-50-5-9-10,14816
DQMR-50,inference,bklm16,0.017,0,results/DQMR/qmr-50/or-50-5-2-10,15152
DQMR-50,inference,bklm16,0.017,0,results/DQMR/qmr-50/or-50-10-10-30,15208
DQMR-50,encoding,d02,0.06,,results/DQMR/qmr-50/or-50-5-2-20,12744
DQMR-50,inference,cd05,,,results/DQMR/qmr-50/or-50-10-4-40,14364
DQMR-50,encoding,cd06,0.07,,results/DQMR/qmr-50/or-50-20-10-40,12700
DQMR-50,inference,sbk05,,,results/DQMR/qmr-50/or-50-10-7-20,14444
DQMR-50,inference,sbk05,,,results/DQMR/qmr-50/or-50-20-5-10,14580
DQMR-50,inference,d02,,,results/DQMR/qmr-50/or-50-20-6-40,14460
DQMR-50,inference,cw,0.024,4.564e-07,results/DQMR/qmr-50/or-50-20-10-40,16664
DQMR-50,inference,bklm16,0.018,0,results/DQMR/qmr-50/or-50-20-1-10,15076
DQMR-50,encoding,sbk06,0.07,,results/DQMR/qmr-50/or-50-10-3-30,12700
DQMR-50,inference,cd06,,,results/DQMR/qmr-50/or-50-20-3-30,14628
DQMR-50,inference,cw,0.015,0.00723226,results/DQMR/qmr-50/or-50-10-6-20,15184
DQMR-50,inference,cw,0.014,0.000980223,results/DQMR/qmr-50/or-50-5-3-30,15216
DQMR-50,encoding,bklm16,0.06,,results/DQMR/qmr-50/or-50-20-10-10,12796
DQMR-50,inference,cd05,,,results/DQMR/qmr-50/or-50-20-10-20,14376
DQMR-50,inference,d02,,,results/DQMR/qmr-50/or-50-10-9-40,14284
DQMR-50,encoding,bklm16,0.07,,results/DQMR/qmr-50/or-50-20-1-10,12968
DQMR-50,encoding,cd06,0.06,,results/DQMR/qmr-50/or-50-10-6-30,12700
DQMR-50,encoding,bklm16,0.07,,results/DQMR/qmr-50/or-50-20-8-20,12860
DQMR-50,inference,d02,,,results/DQMR/qmr-50/or-50-5-5-30,14276
DQMR-50,encoding,bklm16,0.07,,results/DQMR/qmr-50/or-50-10-1-10,12752
DQMR-50,encoding,d02,0.07,,results/DQMR/qmr-50/or-50-20-5-30,12876
DQMR-50,inference,sbk05,,,results/DQMR/qmr-50/or-50-5-6-40,14424
DQMR-50,inference,d02,,,results/DQMR/qmr-50/or-50-20-6-30,14580
DQMR-50,encoding,bklm16,0.07,,results/DQMR/qmr-50/or-50-20-1-30,12952
DQMR-50,inference,cd06,,,results/DQMR/qmr-50/or-50-10-6-20,14584
DQMR-50,inference,d02,,,results/DQMR/qmr-50/or-50-10-10-40,14472
DQMR-50,inference,bklm16,0.018,0,results/DQMR/qmr-50/or-50-5-1-10,15136
DQMR-50,encoding,cd05,0.06,,results/DQMR/qmr-50/or-50-10-7-20,12728
DQMR-50,inference,cd06,,,results/DQMR/qmr-50/or-50-10-3-20,14524
DQMR-50,inference,sbk05,,,results/DQMR/qmr-50/or-50-5-2-30,14280
DQMR-50,inference,bklm16,0.02,0,results/DQMR/qmr-50/or-50-20-1-30,14956
DQMR-50,inference,d02,,,results/DQMR/qmr-50/or-50-10-1-40,14564
DQMR-50,inference,cd05,,,results/DQMR/qmr-50/or-50-20-7-40,14452
DQMR-50,encoding,cd05,0.07,,results/DQMR/qmr-50/or-50-20-2-20,12784
DQMR-50,encoding,cd05,0.07,,results/DQMR/qmr-50/or-50-5-10-40,12728
DQMR-50,encoding,cd05,0.06,,results/DQMR/qmr-50/or-50-5-2-10,12628
DQMR-50,encoding,sbk06,0.06,,results/DQMR/qmr-50/or-50-5-7-10,12720
DQMR-50,inference,cd06,,,results/DQMR/qmr-50/or-50-10-7-30,14524
DQMR-50,encoding,d02,0.06,,results/DQMR/qmr-50/or-50-20-3-10,12640
DQMR-50,inference,cd05,,,results/DQMR/qmr-50/or-50-10-1-10,14376
DQMR-50,encoding,bklm16,0.07,,results/DQMR/qmr-50/or-50-5-6-30,12812
DQMR-50,inference,cw,0.016,2.35533e-05,results/DQMR/qmr-50/or-50-20-10-30,15604
DQMR-50,inference,cd05,,,results/DQMR/qmr-50/or-50-5-9-40,14408
DQMR-50,inference,bklm16,0.017,0,results/DQMR/qmr-50/or-50-10-5-40,15024
DQMR-50,encoding,cd05,0.06,,results/DQMR/qmr-50/or-50-10-6-20,12736
DQMR-50,encoding,bklm16,0.07,,results/DQMR/qmr-50/or-50-5-1-20,12812
DQMR-50,inference,sbk05,,,results/DQMR/qmr-50/or-50-20-3-40,14580
DQMR-50,encoding,sbk06,0.06,,results/DQMR/qmr-50/or-50-5-9-40,12708
DQMR-50,encoding,bklm16,0.07,,results/DQMR/qmr-50/or-50-5-2-20,12748
DQMR-50,encoding,cw,0.07,,results/DQMR/qmr-50/or-50-20-6-10,12628
DQMR-50,inference,cd06,,,results/DQMR/qmr-50/or-50-5-10-30,14416
DQMR-50,encoding,cd06,0.06,,results/DQMR/qmr-50/or-50-5-2-30,12844
DQMR-50,encoding,d02,0.06,,results/DQMR/qmr-50/or-50-5-9-20,12684
DQMR-50,inference,cw,0.016,0.0566527,results/DQMR/qmr-50/or-50-5-9-20,15436
DQMR-50,inference,cd06,,,results/DQMR/qmr-50/or-50-20-9-30,14608
DQMR-50,inference,cd06,,,results/DQMR/qmr-50/or-50-10-4-40,14636
DQMR-50,inference,cw,0.014,0.148038,results/DQMR/qmr-50/or-50-10-9-10,15268
DQMR-50,inference,sbk05,,,results/DQMR/qmr-50/or-50-10-8-40,14588
DQMR-50,encoding,cw,0.07,,results/DQMR/qmr-50/or-50-10-8-20,12908
DQMR-50,inference,d02,,,results/DQMR/qmr-50/or-50-5-10-10,14328
DQMR-50,inference,d02,,,results/DQMR/qmr-50/or-50-5-2-20,14484
DQMR-50,encoding,d02,0.07,,results/DQMR/qmr-50/or-50-10-6-40,12740
DQMR-50,inference,d02,,,results/DQMR/qmr-50/or-50-10-10-20,14636
DQMR-50,inference,d02,,,results/DQMR/qmr-50/or-50-20-2-20,14504
DQMR-50,encoding,cw,0.07,,results/DQMR/qmr-50/or-50-20-1-10,12820
DQMR-50,encoding,cw,0.07,,results/DQMR/qmr-50/or-50-5-9-10,12764
DQMR-50,inference,bklm16,0.018,0,results/DQMR/qmr-50/or-50-5-7-30,15052
DQMR-50,encoding,bklm16,0.07,,results/DQMR/qmr-50/or-50-5-3-40,12848
DQMR-50,inference,bklm16,0.019,0,results/DQMR/qmr-50/or-50-5-9-40,14968
DQMR-50,inference,bklm16,0.018,0,results/DQMR/qmr-50/or-50-20-5-10,15124
DQMR-50,inference,cd06,,,results/DQMR/qmr-50/or-50-20-8-40,14524
DQMR-50,encoding,sbk06,0.06,,results/DQMR/qmr-50/or-50-20-2-40,12740
DQMR-50,encoding,cw,0.1,,results/DQMR/qmr-50/or-50-10-4-10,12676
DQMR-50,inference,bklm16,0.016,0,results/DQMR/qmr-50/or-50-10-9-20,14936
DQMR-50,encoding,bklm16,0.07,,results/DQMR/qmr-50/or-50-5-9-30,12760
DQMR-50,inference,sbk05,,,results/DQMR/qmr-50/or-50-20-1-40,14512
DQMR-50,encoding,cd06,0.07,,results/DQMR/qmr-50/or-50-10-1-40,12700
DQMR-50,encoding,sbk06,0.07,,results/DQMR/qmr-50/or-50-10-1-20,12808
DQMR-50,inference,cd06,,,results/DQMR/qmr-50/or-50-20-2-20,14640
DQMR-50,inference,cd05,,,results/DQMR/qmr-50/or-50-10-4-30,14308
DQMR-50,encoding,d02,0.06,,results/DQMR/qmr-50/or-50-20-10-10,12728
DQMR-50,encoding,d02,0.06,,results/DQMR/qmr-50/or-50-5-7-20,12740
DQMR-50,inference,cd05,,,results/DQMR/qmr-50/or-50-5-6-10,14284
DQMR-50,inference,cw,0.014,0.00711979,results/DQMR/qmr-50/or-50-5-10-40,15384
DQMR-50,inference,cw,0.014,0.000484279,results/DQMR/qmr-50/or-50-5-1-30,15440
DQMR-50,encoding,bklm16,0.08,,results/DQMR/qmr-50/or-50-10-1-20,12704
DQMR-50,encoding,sbk06,0.07,,results/DQMR/qmr-50/or-50-20-3-10,12720
DQMR-50,encoding,cd06,0.08,,results/DQMR/qmr-50/or-50-10-6-20,12880
DQMR-50,inference,d02,,,results/DQMR/qmr-50/or-50-5-8-20,14472
DQMR-50,inference,sbk05,,,results/DQMR/qmr-50/or-50-10-10-30,14488
DQMR-50,encoding,sbk06,0.06,,results/DQMR/qmr-50/or-50-5-5-40,12720
DQMR-50,encoding,d02,0.07,,results/DQMR/qmr-50/or-50-20-5-20,12688
DQMR-50,inference,d02,,,results/DQMR/qmr-50/or-50-10-7-40,14584
DQMR-50,encoding,bklm16,0.07,,results/DQMR/qmr-50/or-50-10-7-20,12744
DQMR-50,encoding,cd05,0.07,,results/DQMR/qmr-50/or-50-10-1-10,12848
DQMR-50,encoding,cw,0.08,,results/DQMR/qmr-50/or-50-20-8-10,12716
DQMR-50,inference,d02,,,results/DQMR/qmr-50/or-50-5-3-10,14520
DQMR-50,inference,cd06,,,results/DQMR/qmr-50/or-50-5-10-10,14664
DQMR-50,inference,cd05,,,results/DQMR/qmr-50/or-50-20-10-10,14404
DQMR-50,encoding,bklm16,0.07,,results/DQMR/qmr-50/or-50-5-5-10,12736
DQMR-50,inference,sbk05,,,results/DQMR/qmr-50/or-50-20-10-30,14408
DQMR-50,encoding,d02,0.07,,results/DQMR/qmr-50/or-50-5-7-30,12684
DQMR-50,encoding,cw,0.08,,results/DQMR/qmr-50/or-50-20-5-10,12960
DQMR-50,inference,d02,,,results/DQMR/qmr-50/or-50-5-5-20,14448
DQMR-50,encoding,cd05,0.06,,results/DQMR/qmr-50/or-50-5-6-40,12756
DQMR-50,inference,cd05,,,results/DQMR/qmr-50/or-50-20-2-30,14588
DQMR-50,encoding,cw,0.07,,results/DQMR/qmr-50/or-50-10-6-30,12904
DQMR-50,encoding,bklm16,0.09,,results/DQMR/qmr-50/or-50-10-3-40,12776
DQMR-50,encoding,cw,0.07,,results/DQMR/qmr-50/or-50-20-10-20,12656
DQMR-50,inference,cd06,,,results/DQMR/qmr-50/or-50-5-8-30,14500
DQMR-50,inference,cd05,,,results/DQMR/qmr-50/or-50-5-2-20,14544
DQMR-50,inference,cd06,,,results/DQMR/qmr-50/or-50-10-5-40,14552
DQMR-50,inference,d02,,,results/DQMR/qmr-50/or-50-10-6-40,14376
DQMR-50,encoding,bklm16,0.07,,results/DQMR/qmr-50/or-50-20-10-30,12700
DQMR-50,encoding,cw,0.11,,results/DQMR/qmr-50/or-50-10-7-10,12724
DQMR-50,encoding,cd05,0.07,,results/DQMR/qmr-50/or-50-5-1-10,12892
DQMR-50,encoding,cd05,0.06,,results/DQMR/qmr-50/or-50-5-6-20,12848
DQMR-50,inference,bklm16,0.018,0,results/DQMR/qmr-50/or-50-20-6-30,15032
DQMR-50,inference,cd06,,,results/DQMR/qmr-50/or-50-10-2-40,14400
DQMR-50,encoding,cw,0.08,,results/DQMR/qmr-50/or-50-5-1-10,12692
DQMR-50,encoding,bklm16,0.11,,results/DQMR/qmr-50/or-50-10-4-10,12696
DQMR-50,encoding,cw,0.09,,results/DQMR/qmr-50/or-50-10-3-10,12744
DQMR-50,encoding,cw,0.08,,results/DQMR/qmr-50/or-50-10-10-40,12624
DQMR-50,inference,cw,0.013,0.00540618,results/DQMR/qmr-50/or-50-10-5-20,15412
DQMR-50,inference,bklm16,0.018,0,results/DQMR/qmr-50/or-50-10-10-40,15188
DQMR-50,encoding,sbk06,0.07,,results/DQMR/qmr-50/or-50-10-6-40,12688
DQMR-50,encoding,cw,0.07,,results/DQMR/qmr-50/or-50-20-9-20,12960
DQMR-50,encoding,sbk06,0.08,,results/DQMR/qmr-50/or-50-5-10-20,12676
DQMR-50,encoding,cw,0.07,,results/DQMR/qmr-50/or-50-20-10-30,12632
DQMR-50,encoding,d02,0.07,,results/DQMR/qmr-50/or-50-10-10-40,12848
DQMR-50,inference,d02,,,results/DQMR/qmr-50/or-50-10-8-20,14556
DQMR-50,inference,d02,,,results/DQMR/qmr-50/or-50-10-5-10,14284
DQMR-50,inference,d02,,,results/DQMR/qmr-50/or-50-20-9-30,14488
DQMR-50,encoding,cw,0.07,,results/DQMR/qmr-50/or-50-5-5-30,12932
DQMR-50,inference,cd05,,,results/DQMR/qmr-50/or-50-20-10-30,14548
DQMR-50,encoding,d02,0.06,,results/DQMR/qmr-50/or-50-20-6-40,12676
DQMR-50,encoding,cd05,0.11,,results/DQMR/qmr-50/or-50-10-8-20,12728
DQMR-50,inference,bklm16,0.031,0,results/DQMR/qmr-50/or-50-10-4-10,15152
DQMR-50,encoding,d02,0.07,,results/DQMR/qmr-50/or-50-20-8-40,12864
DQMR-50,encoding,cd06,0.07,,results/DQMR/qmr-50/or-50-10-10-20,12716
DQMR-50,inference,d02,,,results/DQMR/qmr-50/or-50-10-5-20,14552
DQMR-50,inference,cd05,,,results/DQMR/qmr-50/or-50-10-1-40,14472
DQMR-50,encoding,cd06,0.07,,results/DQMR/qmr-50/or-50-5-3-10,12716
DQMR-50,inference,bklm16,0.018,0,results/DQMR/qmr-50/or-50-5-5-10,14860
DQMR-50,inference,cd05,,,results/DQMR/qmr-50/or-50-20-2-40,14468
DQMR-50,encoding,sbk06,0.08,,results/DQMR/qmr-50/or-50-10-1-30,12668
DQMR-50,inference,sbk05,,,results/DQMR/qmr-50/or-50-10-7-30,14468
DQMR-50,inference,sbk05,,,results/DQMR/qmr-50/or-50-20-6-30,14428
DQMR-50,inference,sbk05,,,results/DQMR/qmr-50/or-50-10-10-20,14448
DQMR-50,inference,cd05,,,results/DQMR/qmr-50/or-50-5-5-10,14600
DQMR-50,inference,cd06,,,results/DQMR/qmr-50/or-50-20-7-40,14428
DQMR-50,encoding,cd05,0.06,,results/DQMR/qmr-50/or-50-20-6-40,12724
DQMR-50,encoding,cw,0.07,,results/DQMR/qmr-50/or-50-20-4-40,12824
DQMR-50,encoding,cd05,0.06,,results/DQMR/qmr-50/or-50-5-7-30,12780
DQMR-50,encoding,bklm16,0.07,,results/DQMR/qmr-50/or-50-20-10-20,12712
DQMR-50,encoding,cd06,0.07,,results/DQMR/qmr-50/or-50-10-4-40,12732
DQMR-50,encoding,d02,0.06,,results/DQMR/qmr-50/or-50-5-8-20,12936
DQMR-50,inference,bklm16,0.018,0,results/DQMR/qmr-50/or-50-5-3-20,15192
DQMR-50,inference,sbk05,,,results/DQMR/qmr-50/or-50-5-8-40,14420
DQMR-50,inference,bklm16,0.017,0,results/DQMR/qmr-50/or-50-10-2-10,15116
DQMR-50,inference,bklm16,0.017,0,results/DQMR/qmr-50/or-50-5-3-10,15148
DQMR-50,inference,cd05,,,results/DQMR/qmr-50/or-50-5-7-10,14468
DQMR-50,inference,sbk05,,,results/DQMR/qmr-50/or-50-10-7-10,14556
DQMR-50,inference,cd05,,,results/DQMR/qmr-50/or-50-5-7-30,14276
DQMR-50,inference,d02,,,results/DQMR/qmr-50/or-50-10-2-40,14608
DQMR-50,encoding,bklm16,0.06,,results/DQMR/qmr-50/or-50-5-8-20,12696
DQMR-50,encoding,cd06,0.06,,results/DQMR/qmr-50/or-50-10-5-20,12708
DQMR-50,inference,sbk05,,,results/DQMR/qmr-50/or-50-5-5-40,14392
DQMR-50,encoding,cd05,0.06,,results/DQMR/qmr-50/or-50-10-9-20,12696
DQMR-50,encoding,sbk06,0.07,,results/DQMR/qmr-50/or-50-5-9-30,12928
DQMR-50,inference,cd05,,,results/DQMR/qmr-50/or-50-10-2-20,14464
DQMR-50,inference,cw,0.014,0.00310567,results/DQMR/qmr-50/or-50-10-5-30,15140
DQMR-50,encoding,sbk06,0.07,,results/DQMR/qmr-50/or-50-10-7-10,12700
DQMR-50,encoding,cd06,0.06,,results/DQMR/qmr-50/or-50-20-10-10,12928
DQMR-50,inference,cw,0.016,0.00203569,results/DQMR/qmr-50/or-50-20-4-20,15268
DQMR-50,inference,d02,,,results/DQMR/qmr-50/or-50-20-3-30,14408
DQMR-50,encoding,d02,0.07,,results/DQMR/qmr-50/or-50-10-7-10,12680
DQMR-50,encoding,cd06,0.07,,results/DQMR/qmr-50/or-50-5-9-20,12900
DQMR-50,inference,cd06,,,results/DQMR/qmr-50/or-50-5-5-10,14596
DQMR-50,encoding,cw,0.08,,results/DQMR/qmr-50/or-50-20-6-30,12732
DQMR-50,encoding,sbk06,0.06,,results/DQMR/qmr-50/or-50-5-5-10,12632
DQMR-50,inference,cw,0.014,1.54148e-06,results/DQMR/qmr-50/or-50-10-2-30,15276
DQMR-50,encoding,d02,0.07,,results/DQMR/qmr-50/or-50-10-2-30,12840
DQMR-50,inference,bklm16,0.017,0,results/DQMR/qmr-50/or-50-5-5-20,15148
DQMR-50,encoding,cd06,0.07,,results/DQMR/qmr-50/or-50-20-6-20,12708
DQMR-50,inference,sbk05,,,results/DQMR/qmr-50/or-50-5-4-10,14592
DQMR-50,encoding,cd05,0.06,,results/DQMR/qmr-50/or-50-10-7-10,12728
DQMR-50,inference,cd05,,,results/DQMR/qmr-50/or-50-10-2-30,14268
DQMR-50,inference,cd06,,,results/DQMR/qmr-50/or-50-10-7-10,14492
DQMR-50,encoding,cd05,0.06,,results/DQMR/qmr-50/or-50-10-6-10,12732
DQMR-50,inference,d02,,,results/DQMR/qmr-50/or-50-20-9-20,14436
DQMR-50,encoding,bklm16,0.06,,results/DQMR/qmr-50/or-50-20-4-20,12696
DQMR-50,encoding,cd06,0.07,,results/DQMR/qmr-50/or-50-5-5-30,12584
DQMR-50,encoding,cd05,0.07,,results/DQMR/qmr-50/or-50-10-2-30,12876
DQMR-50,inference,sbk05,,,results/DQMR/qmr-50/or-50-20-7-30,14428
DQMR-50,encoding,cw,0.07,,results/DQMR/qmr-50/or-50-10-5-40,12632
DQMR-50,encoding,cw,0.08,,results/DQMR/qmr-50/or-50-5-10-40,12680
DQMR-50,encoding,cw,0.07,,results/DQMR/qmr-50/or-50-5-7-30,12644
DQMR-50,encoding,cd05,0.06,,results/DQMR/qmr-50/or-50-10-5-20,12728
DQMR-50,inference,d02,,,results/DQMR/qmr-50/or-50-20-8-10,14460
DQMR-50,encoding,d02,0.07,,results/DQMR/qmr-50/or-50-5-3-10,12720
DQMR-50,inference,cw,0.02,0.00147809,results/DQMR/qmr-50/or-50-10-8-30,15360
DQMR-50,encoding,bklm16,0.07,,results/DQMR/qmr-50/or-50-10-7-40,12844
DQMR-50,inference,cd05,,,results/DQMR/qmr-50/or-50-20-5-10,14440
DQMR-50,inference,cd05,,,results/DQMR/qmr-50/or-50-10-2-40,14536
DQMR-50,encoding,cd05,0.06,,results/DQMR/qmr-50/or-50-20-4-30,12868
DQMR-50,inference,d02,,,results/DQMR/qmr-50/or-50-5-5-10,14556
DQMR-50,inference,cd05,,,results/DQMR/qmr-50/or-50-20-6-20,14376
DQMR-50,encoding,sbk06,0.07,,results/DQMR/qmr-50/or-50-5-3-30,12736
DQMR-50,inference,cd06,,,results/DQMR/qmr-50/or-50-10-8-10,14496
DQMR-50,encoding,bklm16,0.06,,results/DQMR/qmr-50/or-50-20-2-20,12796
DQMR-50,encoding,cd06,0.08,,results/DQMR/qmr-50/or-50-10-3-20,12784
DQMR-50,encoding,sbk06,0.07,,results/DQMR/qmr-50/or-50-20-10-30,12692
DQMR-50,inference,cd06,,,results/DQMR/qmr-50/or-50-5-3-10,14508
DQMR-50,inference,cw,0.015,2.83239e-05,results/DQMR/qmr-50/or-50-20-5-30,15560
DQMR-50,encoding,cw,0.07,,results/DQMR/qmr-50/or-50-5-4-10,12728
DQMR-50,inference,cw,0.016,3.90053e-06,results/DQMR/qmr-50/or-50-20-3-40,15852
DQMR-50,encoding,cd06,0.07,,results/DQMR/qmr-50/or-50-20-8-30,12716
DQMR-50,encoding,bklm16,0.07,,results/DQMR/qmr-50/or-50-20-4-30,12752
DQMR-50,inference,bklm16,0.017,0,results/DQMR/qmr-50/or-50-20-9-30,15156
DQMR-50,inference,cd05,,,results/DQMR/qmr-50/or-50-10-6-30,14368
DQMR-50,inference,d02,,,results/DQMR/qmr-50/or-50-20-5-40,14476
DQMR-50,encoding,cd06,0.09,,results/DQMR/qmr-50/or-50-10-4-20,12884
DQMR-50,encoding,cd06,0.06,,results/DQMR/qmr-50/or-50-20-3-10,12872
DQMR-50,inference,bklm16,0.025,0,results/DQMR/qmr-50/or-50-20-8-40,15408
DQMR-50,encoding,cd05,0.06,,results/DQMR/qmr-50/or-50-5-9-40,12844
DQMR-50,inference,cd06,,,results/DQMR/qmr-50/or-50-20-1-40,14584
DQMR-50,encoding,sbk06,0.07,,results/DQMR/qmr-50/or-50-20-1-10,12736
DQMR-50,inference,cd05,,,results/DQMR/qmr-50/or-50-5-3-10,14524
DQMR-50,encoding,sbk06,0.07,,results/DQMR/qmr-50/or-50-20-1-30,12740
DQMR-50,inference,cd05,,,results/DQMR/qmr-50/or-50-5-4-40,14536
DQMR-50,encoding,cw,0.07,,results/DQMR/qmr-50/or-50-5-5-10,12780
DQMR-50,encoding,d02,0.06,,results/DQMR/qmr-50/or-50-20-3-40,12648
DQMR-50,inference,bklm16,0.02,0,results/DQMR/qmr-50/or-50-5-2-20,15140
DQMR-50,inference,cw,0.016,0.0459812,results/DQMR/qmr-50/or-50-10-7-10,15288
DQMR-50,encoding,cd05,0.06,,results/DQMR/qmr-50/or-50-20-4-40,12632
DQMR-50,encoding,cd06,0.07,,results/DQMR/qmr-50/or-50-10-10-10,12780
DQMR-50,encoding,sbk06,0.07,,results/DQMR/qmr-50/or-50-5-8-20,12724
DQMR-50,encoding,cd06,0.07,,results/DQMR/qmr-50/or-50-10-9-10,12928
DQMR-50,inference,cd05,,,results/DQMR/qmr-50/or-50-5-10-10,14572
DQMR-50,encoding,bklm16,0.08,,results/DQMR/qmr-50/or-50-10-3-10,12832
DQMR-50,encoding,cd06,0.07,,results/DQMR/qmr-50/or-50-5-1-10,12868
DQMR-50,inference,sbk05,,,results/DQMR/qmr-50/or-50-20-3-30,14660
DQMR-50,encoding,cw,0.07,,results/DQMR/qmr-50/or-50-20-3-20,12844
DQMR-50,inference,cd05,,,results/DQMR/qmr-50/or-50-20-6-10,14564
DQMR-50,inference,cd06,,,results/DQMR/qmr-50/or-50-20-5-30,14432
DQMR-50,encoding,d02,0.07,,results/DQMR/qmr-50/or-50-5-5-10,12708
DQMR-50,inference,cw,0.014,0.0025209,results/DQMR/qmr-50/or-50-5-1-20,15036
DQMR-50,inference,d02,,,results/DQMR/qmr-50/or-50-5-3-30,14656
DQMR-50,inference,cw,0.014,0.0101953,results/DQMR/qmr-50/or-50-5-5-30,15092
DQMR-50,encoding,sbk06,0.07,,results/DQMR/qmr-50/or-50-10-9-30,12668
DQMR-50,encoding,sbk06,0.06,,results/DQMR/qmr-50/or-50-5-4-40,12692
DQMR-50,encoding,bklm16,0.07,,results/DQMR/qmr-50/or-50-10-8-20,12940
DQMR-50,inference,cd05,,,results/DQMR/qmr-50/or-50-20-8-20,14480
DQMR-50,encoding,sbk06,0.07,,results/DQMR/qmr-50/or-50-20-1-40,12780
DQMR-50,inference,cd06,,,results/DQMR/qmr-50/or-50-10-3-10,14364
DQMR-50,encoding,sbk06,0.07,,results/DQMR/qmr-50/or-50-20-4-30,12684
DQMR-50,encoding,d02,0.07,,results/DQMR/qmr-50/or-50-20-6-20,12676
DQMR-50,inference,cd06,,,results/DQMR/qmr-50/or-50-10-7-20,14428
DQMR-50,inference,cw,0.013,0.0280255,results/DQMR/qmr-50/or-50-5-5-10,15088
DQMR-50,encoding,d02,0.06,,results/DQMR/qmr-50/or-50-20-6-30,12840
DQMR-50,encoding,cd06,0.07,,results/DQMR/qmr-50/or-50-20-8-20,12740
DQMR-50,inference,cw,0.013,0.000944343,results/DQMR/qmr-50/or-50-5-2-30,15288
DQMR-50,encoding,d02,0.07,,results/DQMR/qmr-50/or-50-20-4-30,12676
DQMR-50,encoding,cw,0.08,,results/DQMR/qmr-50/or-50-20-7-40,12820
DQMR-50,inference,bklm16,0.018,0,results/DQMR/qmr-50/or-50-5-8-10,15052
DQMR-50,inference,cw,0.014,0.00258009,results/DQMR/qmr-50/or-50-10-3-10,15128
DQMR-50,encoding,sbk06,0.06,,results/DQMR/qmr-50/or-50-10-5-20,12688
DQMR-50,inference,d02,,,results/DQMR/qmr-50/or-50-5-3-40,14376
DQMR-50,inference,bklm16,0.018,0,results/DQMR/qmr-50/or-50-20-3-40,15224
DQMR-50,inference,cd05,,,results/DQMR/qmr-50/or-50-10-8-10,14548
DQMR-50,inference,sbk05,,,results/DQMR/qmr-50/or-50-10-3-40,14336
DQMR-50,encoding,cd06,0.07,,results/DQMR/qmr-50/or-50-20-8-10,12920
DQMR-50,encoding,cd05,0.07,,results/DQMR/qmr-50/or-50-20-5-20,12936
DQMR-50,encoding,cd05,0.06,,results/DQMR/qmr-50/or-50-10-5-30,12872
DQMR-50,encoding,sbk06,0.09,,results/DQMR/qmr-50/or-50-10-2-20,12788
DQMR-50,encoding,sbk06,0.07,,results/DQMR/qmr-50/or-50-20-9-20,12720
DQMR-50,encoding,d02,0.07,,results/DQMR/qmr-50/or-50-10-10-20,12628
DQMR-50,inference,d02,,,results/DQMR/qmr-50/or-50-20-1-40,14404
DQMR-50,inference,cw,0.014,0.000180701,results/DQMR/qmr-50/or-50-20-10-20,15424
DQMR-50,encoding,cw,0.07,,results/DQMR/qmr-50/or-50-20-5-20,12744
DQMR-50,encoding,d02,0.07,,results/DQMR/qmr-50/or-50-5-10-30,12708
DQMR-50,inference,d02,,,results/DQMR/qmr-50/or-50-20-7-30,14500
DQMR-50,encoding,cw,0.09,,results/DQMR/qmr-50/or-50-10-4-20,12748
DQMR-50,encoding,cd06,0.07,,results/DQMR/qmr-50/or-50-10-2-30,12720
DQMR-50,encoding,cw,0.07,,results/DQMR/qmr-50/or-50-20-9-40,12904
DQMR-50,encoding,sbk06,0.07,,results/DQMR/qmr-50/or-50-20-7-20,12684
DQMR-50,encoding,d02,0.06,,results/DQMR/qmr-50/or-50-5-8-10,12704
DQMR-50,encoding,cd05,0.06,,results/DQMR/qmr-50/or-50-5-4-30,12872
DQMR-50,encoding,bklm16,0.09,,results/DQMR/qmr-50/or-50-20-8-40,12768
DQMR-50,encoding,bklm16,0.07,,results/DQMR/qmr-50/or-50-10-9-10,12796
DQMR-50,encoding,cd05,0.06,,results/DQMR/qmr-50/or-50-5-9-10,12680
DQMR-50,inference,cd05,,,results/DQMR/qmr-50/or-50-10-6-10,14480
DQMR-50,encoding,sbk06,0.06,,results/DQMR/qmr-50/or-50-5-6-30,12728
DQMR-50,inference,cd06,,,results/DQMR/qmr-50/or-50-5-7-40,14384
DQMR-50,inference,sbk05,,,results/DQMR/qmr-50/or-50-5-8-10,14504
DQMR-50,inference,sbk05,,,results/DQMR/qmr-50/or-50-5-6-20,14436
DQMR-50,encoding,d02,0.07,,results/DQMR/qmr-50/or-50-5-2-30,12676
DQMR-50,inference,bklm16,0.017,0,results/DQMR/qmr-50/or-50-20-2-20,15068
DQMR-50,inference,cd05,,,results/DQMR/qmr-50/or-50-20-5-20,14632
DQMR-50,inference,sbk05,,,results/DQMR/qmr-50/or-50-10-3-30,14588
DQMR-50,encoding,cw,0.07,,results/DQMR/qmr-50/or-50-20-4-20,12828
DQMR-50,inference,cd06,,,results/DQMR/qmr-50/or-50-5-2-20,14280
DQMR-50,inference,d02,,,results/DQMR/qmr-50/or-50-5-1-40,14376
DQMR-50,encoding,cd06,0.07,,results/DQMR/qmr-50/or-50-20-2-10,12884
DQMR-50,encoding,sbk06,0.07,,results/DQMR/qmr-50/or-50-20-8-30,12728
DQMR-50,encoding,bklm16,0.06,,results/DQMR/qmr-50/or-50-20-1-20,12692
DQMR-50,encoding,cd06,0.06,,results/DQMR/qmr-50/or-50-10-9-40,12736
DQMR-50,encoding,cd06,0.07,,results/DQMR/qmr-50/or-50-10-9-20,12636
DQMR-50,encoding,cw,0.1,,results/DQMR/qmr-50/or-50-10-3-40,12964
DQMR-50,inference,sbk05,,,results/DQMR/qmr-50/or-50-20-6-10,14484
DQMR-50,encoding,cw,0.11,,results/DQMR/qmr-50/or-50-20-2-10,12820
DQMR-50,encoding,sbk06,0.06,,results/DQMR/qmr-50/or-50-5-2-30,12676
DQMR-50,encoding,cw,0.07,,results/DQMR/qmr-50/or-50-20-10-10,12728
DQMR-50,inference,cd06,,,results/DQMR/qmr-50/or-50-20-2-10,14376
DQMR-50,inference,bklm16,0.017,0,results/DQMR/qmr-50/or-50-5-6-30,14892
DQMR-50,inference,cd06,,,results/DQMR/qmr-50/or-50-5-5-40,14304
DQMR-50,encoding,bklm16,0.07,,results/DQMR/qmr-50/or-50-10-8-10,12700
DQMR-50,inference,cw,0.014,0.0459234,results/DQMR/qmr-50/or-50-10-4-10,15436
DQMR-50,encoding,sbk06,0.07,,results/DQMR/qmr-50/or-50-5-8-10,12700
DQMR-50,inference,d02,,,results/DQMR/qmr-50/or-50-5-10-30,14452
DQMR-50,encoding,cd05,0.07,,results/DQMR/qmr-50/or-50-10-2-10,12660
DQMR-50,inference,cd05,,,results/DQMR/qmr-50/or-50-20-5-40,14508
DQMR-50,encoding,cw,0.08,,results/DQMR/qmr-50/or-50-10-8-10,12824
DQMR-50,encoding,cw,0.08,,results/DQMR/qmr-50/or-50-10-1-20,12952
DQMR-50,encoding,cw,0.07,,results/DQMR/qmr-50/or-50-10-4-30,12820
DQMR-50,encoding,cw,0.07,,results/DQMR/qmr-50/or-50-20-2-30,12728
DQMR-50,inference,sbk05,,,results/DQMR/qmr-50/or-50-20-5-20,14492
DQMR-50,inference,sbk05,,,results/DQMR/qmr-50/or-50-20-7-10,14372
DQMR-50,inference,cd05,,,results/DQMR/qmr-50/or-50-5-8-10,14324
DQMR-50,inference,cd06,,,results/DQMR/qmr-50/or-50-10-2-20,14492
DQMR-50,inference,d02,,,results/DQMR/qmr-50/or-50-20-3-10,14524
DQMR-50,encoding,d02,0.07,,results/DQMR/qmr-50/or-50-10-8-40,12708
DQMR-50,encoding,sbk06,0.07,,results/DQMR/qmr-50/or-50-5-1-40,12804
DQMR-50,inference,cw,0.015,9.06538e-05,results/DQMR/qmr-50/or-50-20-2-40,15580
DQMR-50,encoding,sbk06,0.07,,results/DQMR/qmr-50/or-50-20-8-10,12624
DQMR-50,inference,cd06,,,results/DQMR/qmr-50/or-50-10-4-20,14516
DQMR-50,inference,cw,0.015,1.72854e-05,results/DQMR/qmr-50/or-50-5-4-40,15476
DQMR-50,inference,cd05,,,results/DQMR/qmr-50/or-50-5-9-10,14512
DQMR-50,encoding,bklm16,0.06,,results/DQMR/qmr-50/or-50-10-4-40,12820
DQMR-50,inference,d02,,,results/DQMR/qmr-50/or-50-10-6-10,14596
DQMR-50,inference,bklm16,0.018,0,results/DQMR/qmr-50/or-50-20-4-20,15196
DQMR-50,inference,cd05,,,results/DQMR/qmr-50/or-50-5-10-40,14460
DQMR-50,encoding,cw,0.07,,results/DQMR/qmr-50/or-50-5-2-30,12948
DQMR-50,encoding,bklm16,0.07,,results/DQMR/qmr-50/or-50-5-4-40,12812
DQMR-50,inference,sbk05,,,results/DQMR/qmr-50/or-50-5-3-20,14404
DQMR-50,encoding,cd05,0.06,,results/DQMR/qmr-50/or-50-5-3-30,12732
DQMR-50,encoding,sbk06,0.07,,results/DQMR/qmr-50/or-50-20-7-10,12624
DQMR-50,inference,bklm16,0.02,0,results/DQMR/qmr-50/or-50-20-7-40,15272
DQMR-50,encoding,d02,0.06,,results/DQMR/qmr-50/or-50-5-8-40,12740
DQMR-50,inference,cw,0.013,0.00837475,results/DQMR/qmr-50/or-50-10-10-30,15204
DQMR-50,inference,cw,0.014,0.0357612,results/DQMR/qmr-50/or-50-5-2-20,15260
DQMR-50,encoding,sbk06,0.12,,results/DQMR/qmr-50/or-50-10-2-10,12688
DQMR-50,inference,bklm16,0.024,0,results/DQMR/qmr-50/or-50-10-9-40,15236
DQMR-50,encoding,cw,0.07,,results/DQMR/qmr-50/or-50-5-9-30,12652
DQMR-50,encoding,d02,0.07,,results/DQMR/qmr-50/or-50-20-1-30,12788
DQMR-50,inference,cw,0.017,7.04489e-05,results/DQMR/qmr-50/or-50-10-3-20,15524
DQMR-50,inference,cd05,,,results/DQMR/qmr-50/or-50-10-1-20,14460
DQMR-50,inference,cd06,,,results/DQMR/qmr-50/or-50-5-10-20,14588
DQMR-50,encoding,d02,0.07,,results/DQMR/qmr-50/or-50-10-10-30,12696
DQMR-50,encoding,d02,0.07,,results/DQMR/qmr-50/or-50-10-1-40,12696
DQMR-50,encoding,sbk06,0.08,,results/DQMR/qmr-50/or-50-10-3-10,12872
DQMR-50,encoding,bklm16,0.06,,results/DQMR/qmr-50/or-50-10-5-30,12692
DQMR-50,encoding,cw,0.07,,results/DQMR/qmr-50/or-50-20-3-30,12784
DQMR-50,inference,bklm16,0.017,0,results/DQMR/qmr-50/or-50-20-3-10,15172
DQMR-50,encoding,bklm16,0.08,,results/DQMR/qmr-50/or-50-5-1-10,12920
DQMR-50,inference,bklm16,0.017,0,results/DQMR/qmr-50/or-50-5-4-20,14820
DQMR-50,inference,cd06,,,results/DQMR/qmr-50/or-50-5-5-30,14420
DQMR-50,encoding,cd06,0.07,,results/DQMR/qmr-50/or-50-20-3-30,12720
DQMR-50,encoding,cd06,0.07,,results/DQMR/qmr-50/or-50-5-9-40,12684
DQMR-50,encoding,bklm16,0.07,,results/DQMR/qmr-50/or-50-20-7-10,12852
DQMR-50,inference,cd05,,,results/DQMR/qmr-50/or-50-20-8-40,14428
DQMR-50,inference,cd05,,,results/DQMR/qmr-50/or-50-10-7-20,14332
DQMR-50,inference,cd05,,,results/DQMR/qmr-50/or-50-5-1-20,14536
DQMR-50,encoding,cd05,0.07,,results/DQMR/qmr-50/or-50-10-4-20,12936
DQMR-50,encoding,sbk06,0.06,,results/DQMR/qmr-50/or-50-10-6-20,12880
DQMR-50,inference,sbk05,,,results/DQMR/qmr-50/or-50-10-6-30,14496
DQMR-50,inference,cw,0.013,0.0232692,results/DQMR/qmr-50/or-50-20-3-10,15268
DQMR-50,encoding,cd06,0.09,,results/DQMR/qmr-50/or-50-10-3-30,12872
DQMR-50,inference,sbk05,,,results/DQMR/qmr-50/or-50-5-2-40,14532
DQMR-50,inference,cw,0.015,6.09938e-07,results/DQMR/qmr-50/or-50-20-1-40,15672
DQMR-50,inference,bklm16,0.021,0,results/DQMR/qmr-50/or-50-10-8-30,15212
DQMR-50,encoding,d02,0.07,,results/DQMR/qmr-50/or-50-10-2-40,12880
DQMR-50,inference,bklm16,0.019,0,results/DQMR/qmr-50/or-50-10-2-20,15232
DQMR-50,encoding,cw,0.07,,results/DQMR/qmr-50/or-50-5-6-10,12720
DQMR-50,encoding,sbk06,0.06,,results/DQMR/qmr-50/or-50-10-4-40,12792
DQMR-50,inference,cd06,,,results/DQMR/qmr-50/or-50-10-4-30,14584
DQMR-50,inference,cd05,,,results/DQMR/qmr-50/or-50-5-9-20,14536
DQMR-50,inference,cd05,,,results/DQMR/qmr-50/or-50-5-10-30,14452
DQMR-50,inference,bklm16,0.019,0,results/DQMR/qmr-50/or-50-5-1-20,14872
DQMR-50,inference,d02,,,results/DQMR/qmr-50/or-50-5-2-10,14612
DQMR-50,encoding,bklm16,0.1,,results/DQMR/qmr-50/or-50-20-9-30,12812
DQMR-50,encoding,cd05,0.07,,results/DQMR/qmr-50/or-50-20-2-30,12800
DQMR-50,encoding,d02,0.06,,results/DQMR/qmr-50/or-50-10-8-20,12728
DQMR-50,encoding,cd05,0.08,,results/DQMR/qmr-50/or-50-10-3-40,12812
DQMR-50,encoding,cw,0.07,,results/DQMR/qmr-50/or-50-5-8-10,12692
DQMR-50,inference,cd06,,,results/DQMR/qmr-50/or-50-5-7-10,14632
DQMR-50,inference,cd06,,,results/DQMR/qmr-50/or-50-10-10-40,14352
DQMR-50,encoding,sbk06,0.07,,results/DQMR/qmr-50/or-50-20-3-20,12720
DQMR-50,encoding,d02,0.07,,results/DQMR/qmr-50/or-50-20-9-30,12676
DQMR-50,encoding,sbk06,0.07,,results/DQMR/qmr-50/or-50-5-3-20,12804
DQMR-50,inference,cw,0.013,0.0014429,results/DQMR/qmr-50/or-50-5-4-20,15412
DQMR-50,encoding,sbk06,0.08,,results/DQMR/qmr-50/or-50-20-5-30,12676
DQMR-50,inference,cd05,,,results/DQMR/qmr-50/or-50-5-5-40,14492
DQMR-50,encoding,sbk06,0.07,,results/DQMR/qmr-50/or-50-10-10-10,12656
DQMR-50,inference,cd05,,,results/DQMR/qmr-50/or-50-10-4-20,14452
DQMR-50,encoding,cd05,0.06,,results/DQMR/qmr-50/or-50-5-6-10,12720
DQMR-50,inference,sbk05,,,results/DQMR/qmr-50/or-50-5-8-20,14420
DQMR-50,inference,d02,,,results/DQMR/qmr-50/or-50-20-2-40,14412
DQMR-50,inference,cw,0.014,0.00711979,results/DQMR/qmr-50/or-50-5-6-40,15184
DQMR-50,inference,sbk05,,,results/DQMR/qmr-50/or-50-20-5-30,14316
DQMR-50,encoding,sbk06,0.06,,results/DQMR/qmr-50/or-50-5-6-40,12808
DQMR-50,inference,bklm16,0.017,0,results/DQMR/qmr-50/or-50-10-4-30,15208
DQMR-50,encoding,d02,0.06,,results/DQMR/qmr-50/or-50-20-9-20,12868
DQMR-50,inference,bklm16,0.017,0,results/DQMR/qmr-50/or-50-5-2-30,15040
DQMR-50,inference,cd06,,,results/DQMR/qmr-50/or-50-5-7-30,14380
DQMR-50,inference,cd06,,,results/DQMR/qmr-50/or-50-20-6-40,14452
DQMR-50,inference,cd05,,,results/DQMR/qmr-50/or-50-20-9-40,14448
DQMR-50,inference,cd05,,,results/DQMR/qmr-50/or-50-20-9-20,14596
DQMR-50,inference,cd05,,,results/DQMR/qmr-50/or-50-10-10-30,14364
DQMR-50,encoding,cd06,0.07,,results/DQMR/qmr-50/or-50-10-2-20,12788
DQMR-50,inference,cd06,,,results/DQMR/qmr-50/or-50-5-6-10,14468
DQMR-50,encoding,bklm16,0.07,,results/DQMR/qmr-50/or-50-5-9-10,12660
DQMR-50,inference,cd06,,,results/DQMR/qmr-50/or-50-5-1-20,14580
DQMR-50,encoding,cd05,0.06,,results/DQMR/qmr-50/or-50-10-9-40,12736
DQMR-50,inference,cd06,,,results/DQMR/qmr-50/or-50-10-9-40,14624
DQMR-50,inference,bklm16,0.018,0,results/DQMR/qmr-50/or-50-10-6-40,15332
DQMR-50,encoding,sbk06,0.06,,results/DQMR/qmr-50/or-50-20-6-30,12728
DQMR-50,encoding,cd05,0.07,,results/DQMR/qmr-50/or-50-5-10-30,12628
DQMR-50,inference,cd06,,,results/DQMR/qmr-50/or-50-10-1-40,14476
DQMR-50,inference,cw,0.014,0.0155426,results/DQMR/qmr-50/or-50-10-2-10,15220
DQMR-50,inference,cw,0.014,0.000465867,results/DQMR/qmr-50/or-50-20-2-30,15428
DQMR-50,inference,sbk05,,,results/DQMR/qmr-50/or-50-10-9-40,14404
DQMR-50,inference,bklm16,0.017,0,results/DQMR/qmr-50/or-50-10-6-20,15124
DQMR-50,inference,cw,0.013,5.2771e-05,results/DQMR/qmr-50/or-50-20-7-30,15504
DQMR-50,inference,bklm16,0.019,0,results/DQMR/qmr-50/or-50-20-8-10,15012
DQMR-50,encoding,cd06,0.06,,results/DQMR/qmr-50/or-50-5-7-20,12836
DQMR-50,encoding,cd06,0.07,,results/DQMR/qmr-50/or-50-5-1-30,12800
DQMR-50,encoding,cd06,0.07,,results/DQMR/qmr-50/or-50-10-1-10,12692
DQMR-50,encoding,cd06,0.07,,results/DQMR/qmr-50/or-50-20-2-30,12720
DQMR-50,encoding,bklm16,0.06,,results/DQMR/qmr-50/or-50-10-9-30,12736
DQMR-50,inference,d02,,,results/DQMR/qmr-50/or-50-5-7-30,14444
DQMR-50,inference,cd06,,,results/DQMR/qmr-50/or-50-20-2-40,14488
DQMR-50,encoding,sbk06,0.07,,results/DQMR/qmr-50/or-50-20-8-40,12888
DQMR-50,inference,sbk05,,,results/DQMR/qmr-50/or-50-20-8-10,14536
DQMR-50,inference,cd05,,,results/DQMR/qmr-50/or-50-5-8-40,14472
DQMR-50,inference,cd05,,,results/DQMR/qmr-50/or-50-10-9-20,14488
DQMR-50,inference,bklm16,0.02,0,results/DQMR/qmr-50/or-50-20-10-30,15512
DQMR-50,inference,sbk05,,,results/DQMR/qmr-50/or-50-5-5-30,14456
DQMR-50,inference,cd06,,,results/DQMR/qmr-50/or-50-10-9-20,14480
DQMR-50,encoding,cd06,0.07,,results/DQMR/qmr-50/or-50-10-1-30,12660
DQMR-50,encoding,sbk06,0.06,,results/DQMR/qmr-50/or-50-10-4-30,12684
DQMR-50,encoding,d02,0.07,,results/DQMR/qmr-50/or-50-10-9-20,12724
DQMR-50,encoding,cw,0.08,,results/DQMR/qmr-50/or-50-10-2-10,12948
DQMR-50,encoding,cd06,0.09,,results/DQMR/qmr-50/or-50-20-5-30,12800
DQMR-50,encoding,sbk06,0.06,,results/DQMR/qmr-50/or-50-20-4-10,12696
DQMR-50,inference,sbk05,,,results/DQMR/qmr-50/or-50-5-10-20,14412
DQMR-50,inference,d02,,,results/DQMR/qmr-50/or-50-20-5-30,14456
DQMR-50,encoding,cw,0.08,,results/DQMR/qmr-50/or-50-10-2-40,12684
DQMR-50,inference,cd05,,,results/DQMR/qmr-50/or-50-10-3-40,14408
DQMR-50,encoding,bklm16,0.07,,results/DQMR/qmr-50/or-50-10-5-10,12696
DQMR-50,encoding,bklm16,0.07,,results/DQMR/qmr-50/or-50-5-1-30,12824
DQMR-50,inference,bklm16,0.02,0,results/DQMR/qmr-50/or-50-20-1-40,15472
DQMR-50,encoding,bklm16,0.07,,results/DQMR/qmr-50/or-50-20-5-30,12804
DQMR-50,encoding,cw,0.08,,results/DQMR/qmr-50/or-50-5-1-20,12732
DQMR-50,encoding,sbk06,0.07,,results/DQMR/qmr-50/or-50-10-8-40,12792
DQMR-50,encoding,cd06,0.06,,results/DQMR/qmr-50/or-50-20-4-10,12800
DQMR-50,inference,cd06,,,results/DQMR/qmr-50/or-50-20-10-40,14376
DQMR-50,inference,cd06,,,results/DQMR/qmr-50/or-50-10-7-40,14364
DQMR-50,inference,d02,,,results/DQMR/qmr-50/or-50-10-10-10,14568
DQMR-50,inference,cd06,,,results/DQMR/qmr-50/or-50-20-2-30,14584
DQMR-50,encoding,cw,0.07,,results/DQMR/qmr-50/or-50-5-4-20,12656
DQMR-50,inference,bklm16,0.017,0,results/DQMR/qmr-50/or-50-20-8-30,15236
DQMR-50,inference,cd06,,,results/DQMR/qmr-50/or-50-20-9-10,14504
DQMR-50,inference,bklm16,0.018,0,results/DQMR/qmr-50/or-50-20-5-20,15012
DQMR-50,inference,bklm16,0.019,0,results/DQMR/qmr-50/or-50-10-5-10,15064
DQMR-50,encoding,sbk06,0.08,,results/DQMR/qmr-50/or-50-5-8-30,12924
DQMR-50,inference,cd05,,,results/DQMR/qmr-50/or-50-20-1-20,14460
DQMR-50,encoding,bklm16,0.07,,results/DQMR/qmr-50/or-50-10-2-40,12876
DQMR-50,encoding,d02,0.06,,results/DQMR/qmr-50/or-50-5-9-10,12680
DQMR-50,inference,cd05,,,results/DQMR/qmr-50/or-50-20-2-10,14400
DQMR-50,inference,cd06,,,results/DQMR/qmr-50/or-50-20-4-40,14536
DQMR-50,encoding,sbk06,0.06,,results/DQMR/qmr-50/or-50-5-5-20,12684
DQMR-50,encoding,sbk06,0.08,,results/DQMR/qmr-50/or-50-10-2-30,12692
DQMR-50,inference,bklm16,0.019,0,results/DQMR/qmr-50/or-50-10-7-40,15288
DQMR-50,inference,cd05,,,results/DQMR/qmr-50/or-50-5-1-30,14508
DQMR-50,encoding,cd06,0.07,,results/DQMR/qmr-50/or-50-5-7-40,12712
DQMR-50,encoding,d02,0.07,,results/DQMR/qmr-50/or-50-5-6-10,12760
DQMR-50,inference,cw,0.015,0.00858708,results/DQMR/qmr-50/or-50-10-4-20,15360
DQMR-50,inference,sbk05,,,results/DQMR/qmr-50/or-50-20-1-30,14472
DQMR-50,inference,d02,,,results/DQMR/qmr-50/or-50-10-6-20,14612
DQMR-50,encoding,sbk06,0.06,,results/DQMR/qmr-50/or-50-20-10-20,12684
DQMR-50,inference,cd05,,,results/DQMR/qmr-50/or-50-20-4-20,14372
DQMR-50,inference,cd05,,,results/DQMR/qmr-50/or-50-5-2-30,14336
DQMR-50,inference,d02,,,results/DQMR/qmr-50/or-50-5-7-10,14572
DQMR-50,encoding,d02,0.08,,results/DQMR/qmr-50/or-50-10-4-20,12740
DQMR-50,inference,d02,,,results/DQMR/qmr-50/or-50-10-1-10,14596
DQMR-50,encoding,cd06,0.07,,results/DQMR/qmr-50/or-50-20-8-40,12792
DQMR-50,encoding,cd05,0.06,,results/DQMR/qmr-50/or-50-20-7-30,12720
DQMR-50,inference,cd06,,,results/DQMR/qmr-50/or-50-5-9-20,14536
DQMR-50,encoding,d02,0.07,,results/DQMR/qmr-50/or-50-20-8-10,12572
DQMR-50,encoding,cw,0.07,,results/DQMR/qmr-50/or-50-5-7-40,12616
DQMR-50,inference,cd06,,,results/DQMR/qmr-50/or-50-5-10-40,14340
DQMR-50,inference,cw,0.013,0.00874123,results/DQMR/qmr-50/or-50-5-6-30,15224
DQMR-50,inference,cd06,,,results/DQMR/qmr-50/or-50-10-5-30,14588
DQMR-50,encoding,cw,0.07,,results/DQMR/qmr-50/or-50-5-6-20,12740
DQMR-50,encoding,cd06,0.07,,results/DQMR/qmr-50/or-50-10-2-40,12664
DQMR-50,encoding,sbk06,0.07,,results/DQMR/qmr-50/or-50-10-6-30,12688
DQMR-50,inference,cd06,,,results/DQMR/qmr-50/or-50-20-8-10,14376
DQMR-50,inference,bklm16,0.02,0,results/DQMR/qmr-50/or-50-5-10-20,14996
DQMR-50,encoding,cd06,0.07,,results/DQMR/qmr-50/or-50-20-5-20,12688
DQMR-50,encoding,d02,0.07,,results/DQMR/qmr-50/or-50-10-8-10,12720
DQMR-50,encoding,sbk06,0.06,,results/DQMR/qmr-50/or-50-5-5-30,12808
DQMR-50,encoding,cd05,0.06,,results/DQMR/qmr-50/or-50-20-1-10,12692
DQMR-50,inference,sbk05,,,results/DQMR/qmr-50/or-50-10-3-10,14536
DQMR-50,encoding,sbk06,0.06,,results/DQMR/qmr-50/or-50-20-3-40,12848
DQMR-50,inference,cd06,,,results/DQMR/qmr-50/or-50-10-5-20,14360
DQMR-50,encoding,cw,0.07,,results/DQMR/qmr-50/or-50-5-3-30,12736
DQMR-50,encoding,cw,0.07,,results/DQMR/qmr-50/or-50-5-5-20,12716
DQMR-50,encoding,cw,0.07,,results/DQMR/qmr-50/or-50-5-1-30,12740
DQMR-50,inference,cw,0.014,0.0213205,results/DQMR/qmr-50/or-50-10-9-20,15384
DQMR-50,inference,cd05,,,results/DQMR/qmr-50/or-50-5-8-20,14400
DQMR-50,inference,sbk05,,,results/DQMR/qmr-50/or-50-20-3-10,14476
DQMR-50,encoding,cd06,0.08,,results/DQMR/qmr-50/or-50-10-3-10,12656
DQMR-50,encoding,cw,0.08,,results/DQMR/qmr-50/or-50-10-1-40,12620
DQMR-50,inference,cw,0.014,0.00346712,results/DQMR/qmr-50/or-50-10-10-40,15108
DQMR-50,encoding,cd06,0.06,,results/DQMR/qmr-50/or-50-20-9-10,12632
DQMR-50,inference,sbk05,,,results/DQMR/qmr-50/or-50-10-5-40,14472
DQMR-50,encoding,cd05,0.09,,results/DQMR/qmr-50/or-50-10-7-40,12936
DQMR-50,inference,sbk05,,,results/DQMR/qmr-50/or-50-5-10-10,14404
DQMR-50,inference,sbk05,,,results/DQMR/qmr-50/or-50-20-9-20,14656
DQMR-50,inference,cd05,,,results/DQMR/qmr-50/or-50-20-10-40,14536
DQMR-50,encoding,d02,0.06,,results/DQMR/qmr-50/or-50-10-5-40,12876
DQMR-50,encoding,cw,0.11,,results/DQMR/qmr-50/or-50-20-2-20,12904
DQMR-50,inference,cw,0.017,0.250344,results/DQMR/qmr-50/or-50-5-10-20,15248
DQMR-50,encoding,bklm16,0.07,,results/DQMR/qmr-50/or-50-20-2-40,12936
DQMR-50,encoding,sbk06,0.07,,results/DQMR/qmr-50/or-50-5-7-40,12808
DQMR-50,encoding,sbk06,0.07,,results/DQMR/qmr-50/or-50-10-8-10,12732
DQMR-50,encoding,cd05,0.06,,results/DQMR/qmr-50/or-50-10-1-20,12736
DQMR-50,inference,d02,,,results/DQMR/qmr-50/or-50-5-10-40,14328
DQMR-50,inference,bklm16,0.018,0,results/DQMR/qmr-50/or-50-20-3-30,15088
DQMR-50,inference,d02,,,results/DQMR/qmr-50/or-50-10-7-20,14500
DQMR-50,inference,d02,,,results/DQMR/qmr-50/or-50-20-1-30,14500
DQMR-50,encoding,cw,0.08,,results/DQMR/qmr-50/or-50-10-10-20,12616
DQMR-50,inference,sbk05,,,results/DQMR/qmr-50/or-50-20-8-30,14524
DQMR-50,inference,cd05,,,results/DQMR/qmr-50/or-50-10-3-10,14468
DQMR-50,encoding,cd06,0.07,,results/DQMR/qmr-50/or-50-10-7-40,12688
DQMR-50,inference,bklm16,0.017,0,results/DQMR/qmr-50/or-50-10-1-10,15176
DQMR-50,encoding,bklm16,0.07,,results/DQMR/qmr-50/or-50-20-10-40,12804
DQMR-50,inference,cw,0.013,0.000398941,results/DQMR/qmr-50/or-50-10-9-40,15284
DQMR-50,inference,d02,,,results/DQMR/qmr-50/or-50-5-1-10,14536
DQMR-50,encoding,sbk06,0.07,,results/DQMR/qmr-50/or-50-20-9-10,12740
DQMR-50,inference,cw,0.013,0.00749451,results/DQMR/qmr-50/or-50-5-8-40,15364
DQMR-50,inference,cw,0.014,0.070806,results/DQMR/qmr-50/or-50-10-6-10,15376
DQMR-50,inference,cd05,,,results/DQMR/qmr-50/or-50-20-8-30,14292
DQMR-50,inference,cd05,,,results/DQMR/qmr-50/or-50-20-1-30,14500
DQMR-50,encoding,d02,0.08,,results/DQMR/qmr-50/or-50-10-4-30,12784
DQMR-50,encoding,cd05,0.06,,results/DQMR/qmr-50/or-50-20-10-40,12832
DQMR-50,encoding,sbk06,0.12,,results/DQMR/qmr-50/or-50-10-4-10,12872
DQMR-50,encoding,cd06,0.07,,results/DQMR/qmr-50/or-50-20-7-20,12708
DQMR-50,inference,cd06,,,results/DQMR/qmr-50/or-50-5-1-40,14620
DQMR-50,inference,sbk05,,,results/DQMR/qmr-50/or-50-10-2-30,14548
DQMR-50,encoding,bklm16,0.07,,results/DQMR/qmr-50/or-50-20-7-40,12748
DQMR-50,inference,cd05,,,results/DQMR/qmr-50/or-50-10-10-10,14616
DQMR-50,inference,bklm16,0.019,0,results/DQMR/qmr-50/or-50-20-9-20,14908
DQMR-50,inference,cw,0.013,0.000362331,results/DQMR/qmr-50/or-50-20-9-20,15112
DQMR-50,encoding,bklm16,0.08,,results/DQMR/qmr-50/or-50-10-7-10,12920
DQMR-50,inference,d02,,,results/DQMR/qmr-50/or-50-20-5-10,14576
DQMR-50,inference,d02,,,results/DQMR/qmr-50/or-50-20-1-20,14368
DQMR-50,inference,d02,,,results/DQMR/qmr-50/or-50-10-9-30,14504
DQMR-50,inference,d02,,,results/DQMR/qmr-50/or-50-20-10-20,14520
DQMR-50,encoding,sbk06,0.06,,results/DQMR/qmr-50/or-50-10-7-20,12740
DQMR-50,inference,d02,,,results/DQMR/qmr-50/or-50-5-3-20,14496
DQMR-50,inference,cd05,,,results/DQMR/qmr-50/or-50-10-7-10,14500
DQMR-50,inference,cd06,,,results/DQMR/qmr-50/or-50-20-1-20,14420
