answer,inference_time,novelty,encoding,add_width,dataset,treewidth,instance,encoding_time
0.7186442,232.4,old,bklm16,,Grid-50,20,results/original/Grid/Ratio_50/50-18-3.dne,30.44
,1440.26,old,sbk05,,Grid-50,24,results/original/Grid/Ratio_50/50-17-8.dne,3.1
,462.69,old,bklm16,,Grid-50,23,results/original/Grid/Ratio_50/50-18-2.dne,41.01
0.6224303,31.65,old,bklm16,,Grid-50,19,results/original/Grid/Ratio_50/50-14-5.dne,9.01
0,0.257,new,sbk05,28,Grid-50,20,results/original/Grid/Ratio_50/50-16-3.dne,2.79
0,0.378,new,d02,26,Grid-50,19,results/original/Grid/Ratio_50/50-14-5.dne,2.61
,1.9,old,cd06,,Grid-50,23,results/original/Grid/Ratio_50/50-20-2.dne,1504.78
0,1.504,new,cd06,63,Grid-50,22,results/original/Grid/Ratio_50/50-20-3.dne,3.55
,,new,bklm16,564,Grid-50,15,results/original/Grid/Ratio_50/50-14-6.dne,0.3
0,1.794,new,cd05,68,Grid-50,27,results/original/Grid/Ratio_50/50-19-3.dne,3.23
0.4747139,2.46,old,bklm16,,Grid-50,14,results/original/Grid/Ratio_50/50-10-7.dne,4.06
0,0.124,new,sbk05,20,Grid-50,16,results/original/Grid/Ratio_50/50-12-5.dne,2.44
0,0.463,new,sbk05,34,Grid-50,27,results/original/Grid/Ratio_50/50-19-3.dne,3.24
,,new,bklm16,1042,Grid-50,24,results/original/Grid/Ratio_50/50-17-8.dne,0.34
0,1.489,new,cd06,58,Grid-50,28,results/original/Grid/Ratio_50/50-20-5.dne,3.93
0,1.219,new,d02,33,Grid-50,22,results/original/Grid/Ratio_50/50-20-3.dne,3.48
0,0.177,new,cd05,32,Grid-50,14,results/original/Grid/Ratio_50/50-10-7.dne,2.56
0,0.44,new,cd05,47,Grid-50,19,results/original/Grid/Ratio_50/50-14-5.dne,2.68
0,0.83,new,cd06,50,Grid-50,24,results/original/Grid/Ratio_50/50-17-8.dne,3.02
,1496.78,old,sbk05,,Grid-50,15,results/original/Grid/Ratio_50/50-12-8.dne,2.51
0,0.221,new,d02,22,Grid-50,16,results/original/Grid/Ratio_50/50-12-5.dne,2.63
,1.9,old,cd06,,Grid-50,28,results/original/Grid/Ratio_50/50-20-5.dne,1106.61
0,0.637,new,cd06,48,Grid-50,16,results/original/Grid/Ratio_50/50-15-10.dne,2.59
,,new,bklm16,732,Grid-50,20,results/original/Grid/Ratio_50/50-15-5.dne,0.3
,530.98,old,bklm16,,Grid-50,24,results/original/Grid/Ratio_50/50-17-8.dne,48.51
0,1.722,new,cd06,55,Grid-50,27,results/original/Grid/Ratio_50/50-19-3.dne,3.21
,,new,bklm16,660,Grid-50,17,results/original/Grid/Ratio_50/50-14-1.dne,0.24
0,0.177,new,cd05,40,Grid-50,16,results/original/Grid/Ratio_50/50-12-4.dne,2.08
0.216835,44.49,new,cw,25,Grid-50,18,results/original/Grid/Ratio_50/50-15-9.dne,0.29
0.3484375119170532,3.92,old,d02,,Grid-50,15,results/original/Grid/Ratio_50/50-14-6.dne,10.9
,1.99,old,cd05,,Grid-50,22,results/original/Grid/Ratio_50/50-20-3.dne,1493.5
0.306238,22.103,new,cw,24,Grid-50,17,results/original/Grid/Ratio_50/50-14-1.dne,0.3
0,0.5,new,sbk05,36,Grid-50,21,results/original/Grid/Ratio_50/50-19-8.dne,3.37
0.6224305710996485,7.4,old,d02,,Grid-50,19,results/original/Grid/Ratio_50/50-14-5.dne,37.96
0.2487989833569764,2.85,old,cd06,,Grid-50,15,results/original/Grid/Ratio_50/50-12-8.dne,4.37
0,1.232,new,cd05,54,Grid-50,24,results/original/Grid/Ratio_50/50-17-8.dne,3.18
0.7040722087762586,4.22,old,cd06,,Grid-50,20,results/original/Grid/Ratio_50/50-15-5.dne,11.86
0.2168354746214625,5.38,old,cd05,,Grid-50,18,results/original/Grid/Ratio_50/50-15-9.dne,20.56
0.348438,0.474,new,cw,22,Grid-50,15,results/original/Grid/Ratio_50/50-14-6.dne,0.25
,,new,bklm16,526,Grid-50,16,results/original/Grid/Ratio_50/50-12-5.dne,0.3
0.21683547462146252,5.4,old,cd06,,Grid-50,18,results/original/Grid/Ratio_50/50-15-9.dne,15.67
,,new,bklm16,478,Grid-50,16,results/original/Grid/Ratio_50/50-12-3.dne,0.29
0.302464,41.648,new,cw,27,Grid-50,20,results/original/Grid/Ratio_50/50-16-3.dne,0.3
,1424.85,old,sbk05,,Grid-50,16,results/original/Grid/Ratio_50/50-12-4.dne,2.38
0,1.123,new,cd06,52,Grid-50,21,results/original/Grid/Ratio_50/50-19-8.dne,4.62
0.6224305710996486,5.26,old,cd05,,Grid-50,19,results/original/Grid/Ratio_50/50-14-5.dne,16.02
0.3024648408701364,6.09,old,cd06,,Grid-50,20,results/original/Grid/Ratio_50/50-16-3.dne,21.3
,,new,bklm16,1029,Grid-50,25,results/original/Grid/Ratio_50/50-18-4.dne,0.32
,,new,bklm16,677,Grid-50,19,results/original/Grid/Ratio_50/50-14-5.dne,0.32
0.6063532923653341,3.61,old,d02,,Grid-50,16,results/original/Grid/Ratio_50/50-12-5.dne,11.24
,1272.45,old,sbk05,,Grid-50,20,results/original/Grid/Ratio_50/50-18-3.dne,3.08
0,0.366,new,cd06,26,Grid-50,16,results/original/Grid/Ratio_50/50-12-5.dne,2.45
0,1.199,new,cd06,61,Grid-50,23,results/original/Grid/Ratio_50/50-20-2.dne,3.47
,,new,bklm16,980,Grid-50,23,results/original/Grid/Ratio_50/50-18-2.dne,0.27
,,new,cw,31,Grid-50,23,results/original/Grid/Ratio_50/50-18-2.dne,0.15
0,0.411,new,d02,23,Grid-50,17,results/original/Grid/Ratio_50/50-14-1.dne,2.42
0,0.153,new,cd06,30,Grid-50,16,results/original/Grid/Ratio_50/50-12-4.dne,1.84
,,new,bklm16,472,Grid-50,15,results/original/Grid/Ratio_50/50-12-8.dne,0.29
0.4593253198128586,7.31,old,cd05,,Grid-50,16,results/original/Grid/Ratio_50/50-15-10.dne,51.4
0,0.651,new,cd06,43,Grid-50,18,results/original/Grid/Ratio_50/50-15-9.dne,2.67
0.704075,171.99,old,bklm16,,Grid-50,20,results/original/Grid/Ratio_50/50-15-5.dne,17.38
0.459326,9.33,new,cw,25,Grid-50,16,results/original/Grid/Ratio_50/50-15-10.dne,0.29
,,new,bklm16,1198,Grid-50,27,results/original/Grid/Ratio_50/50-19-3.dne,0.35
0,1.058,new,d02,41,Grid-50,28,results/original/Grid/Ratio_50/50-20-5.dne,3.9
0.6063519,8.38,old,bklm16,,Grid-50,16,results/original/Grid/Ratio_50/50-12-5.dne,5.79
0.9147019,2.83,old,bklm16,,Grid-50,13,results/original/Grid/Ratio_50/50-10-10.dne,2.28
0.2108485098420413,17.53,old,cd06,,Grid-50,21,results/original/Grid/Ratio_50/50-19-8.dne,128.14
0.6052231705236965,3.2,old,d02,,Grid-50,16,results/original/Grid/Ratio_50/50-12-4.dne,9.33
,446.2,old,bklm16,,Grid-50,22,results/original/Grid/Ratio_50/50-20-3.dne,191.88
0,0.717,new,cd05,56,Grid-50,18,results/original/Grid/Ratio_50/50-15-9.dne,2.99
0.718645,263.408,new,cw,31,Grid-50,20,results/original/Grid/Ratio_50/50-18-3.dne,0.42
0.7186449505592201,9.04,old,d02,,Grid-50,20,results/original/Grid/Ratio_50/50-18-3.dne,1289.82
0,0.817,new,cd06,50,Grid-50,20,results/original/Grid/Ratio_50/50-18-3.dne,3.2
0,1.214,new,d02,31,Grid-50,21,results/original/Grid/Ratio_50/50-19-8.dne,4.04
,,new,bklm16,686,Grid-50,16,results/original/Grid/Ratio_50/50-15-10.dne,0.13
0.24879898335697637,2.65,old,d02,,Grid-50,15,results/original/Grid/Ratio_50/50-12-8.dne,5.11
,,new,bklm16,758,Grid-50,20,results/original/Grid/Ratio_50/50-16-3.dne,0.32
0,0.869,new,cd06,47,Grid-50,25,results/original/Grid/Ratio_50/50-18-4.dne,3.35
0,0.103,new,sbk05,15,Grid-50,14,results/original/Grid/Ratio_50/50-10-7.dne,2.22
,,new,cw,38,Grid-50,28,results/original/Grid/Ratio_50/50-20-5.dne,0.37
0.4593284,293.68,old,bklm16,,Grid-50,16,results/original/Grid/Ratio_50/50-15-10.dne,21.74
0,0.769,new,cd06,48,Grid-50,20,results/original/Grid/Ratio_50/50-16-3.dne,3.0
0,0.214,new,sbk05,29,Grid-50,23,results/original/Grid/Ratio_50/50-18-2.dne,3.38
0,1.195,new,d02,38,Grid-50,27,results/original/Grid/Ratio_50/50-19-3.dne,3.47
0.606353292365334,2.64,old,cd06,,Grid-50,16,results/original/Grid/Ratio_50/50-12-5.dne,3.9
0.7186449505592201,9.6,old,cd06,,Grid-50,20,results/original/Grid/Ratio_50/50-18-3.dne,32.01
0,0.18,new,sbk05,25,Grid-50,19,results/original/Grid/Ratio_50/50-14-5.dne,2.72
0,0.114,new,sbk05,25,Grid-50,16,results/original/Grid/Ratio_50/50-15-10.dne,2.54
0,0.275,new,cd06,32,Grid-50,16,results/original/Grid/Ratio_50/50-12-3.dne,2.5
,457.65,old,bklm16,,Grid-50,23,results/original/Grid/Ratio_50/50-20-2.dne,349.74
,429.85,old,bklm16,,Grid-50,28,results/original/Grid/Ratio_50/50-20-5.dne,680.58
0.18612351885483455,104.11,old,d02,,Grid-50,25,results/original/Grid/Ratio_50/50-18-4.dne,1375.19
0,0.538,new,sbk05,34,Grid-50,22,results/original/Grid/Ratio_50/50-20-3.dne,3.02
0,0.352,new,cd05,40,Grid-50,16,results/original/Grid/Ratio_50/50-12-3.dne,2.45
0,0.137,new,sbk05,25,Grid-50,18,results/original/Grid/Ratio_50/50-15-9.dne,2.74
0,0.52,new,cd05,52,Grid-50,15,results/original/Grid/Ratio_50/50-14-6.dne,2.55
0,1.341,new,cd05,60,Grid-50,20,results/original/Grid/Ratio_50/50-18-3.dne,3.15
0,0.357,new,cd06,35,Grid-50,15,results/original/Grid/Ratio_50/50-12-8.dne,2.58
0.2168358,229.43,old,bklm16,,Grid-50,18,results/original/Grid/Ratio_50/50-15-9.dne,26.31
,1245.61,old,sbk05,,Grid-50,22,results/original/Grid/Ratio_50/50-20-3.dne,3.56
0,0.55,new,cd05,37,Grid-50,15,results/original/Grid/Ratio_50/50-12-8.dne,3.58
0.17191307805015402,53.76,old,d02,,Grid-50,24,results/original/Grid/Ratio_50/50-17-8.dne,647.25
0.18612351885483458,31.81,old,cd06,,Grid-50,25,results/original/Grid/Ratio_50/50-18-4.dne,256.12
0,0.126,new,d02,15,Grid-50,13,results/original/Grid/Ratio_50/50-10-10.dne,2.75
,1251.21,old,sbk05,,Grid-50,17,results/original/Grid/Ratio_50/50-14-1.dne,2.64
,,new,cw,36,Grid-50,21,results/original/Grid/Ratio_50/50-19-8.dne,0.33
0.605223,1.126,new,cw,20,Grid-50,16,results/original/Grid/Ratio_50/50-12-4.dne,0.27
,,new,bklm16,1409,Grid-50,28,results/original/Grid/Ratio_50/50-20-5.dne,0.37
0,0.871,new,d02,31,Grid-50,25,results/original/Grid/Ratio_50/50-18-4.dne,3.15
0.2487984,18.38,old,bklm16,,Grid-50,15,results/original/Grid/Ratio_50/50-12-8.dne,4.9
,,new,cw,35,Grid-50,23,results/original/Grid/Ratio_50/50-20-2.dne,0.3
,1492.52,old,sbk05,,Grid-50,21,results/original/Grid/Ratio_50/50-19-8.dne,3.78
0.370572,6.12,old,bklm16,,Grid-50,16,results/original/Grid/Ratio_50/50-12-3.dne,3.34
0,0.389,new,sbk05,30,Grid-50,25,results/original/Grid/Ratio_50/50-18-4.dne,3.05
,,old,bklm16,,Grid-50,20,results/original/Grid/Ratio_50/50-16-3.dne,33.44
,1531.14,old,sbk05,,Grid-50,20,results/original/Grid/Ratio_50/50-15-5.dne,2.59
0,0.518,new,d02,27,Grid-50,20,results/original/Grid/Ratio_50/50-15-5.dne,2.76
,,new,bklm16,1276,Grid-50,23,results/original/Grid/Ratio_50/50-20-2.dne,0.36
0,0.363,new,sbk05,28,Grid-50,24,results/original/Grid/Ratio_50/50-17-8.dne,2.73
0,1.339,new,cd05,78,Grid-50,22,results/original/Grid/Ratio_50/50-20-3.dne,3.84
0,0.579,new,sbk05,34,Grid-50,28,results/original/Grid/Ratio_50/50-20-5.dne,3.71
,1.79,old,cd05,,Grid-50,23,results/original/Grid/Ratio_50/50-20-2.dne,1419.15
0.47471358610028047,2.34,old,d02,,Grid-50,14,results/original/Grid/Ratio_50/50-10-7.dne,4.61
0,0.835,new,cd05,52,Grid-50,20,results/original/Grid/Ratio_50/50-16-3.dne,2.87
0.6224305710996485,2.38,old,cd06,,Grid-50,19,results/original/Grid/Ratio_50/50-14-5.dne,6.61
0.306237926083002,4.73,old,cd05,,Grid-50,17,results/original/Grid/Ratio_50/50-14-1.dne,14.57
0.606353292365334,2.61,old,cd05,,Grid-50,16,results/original/Grid/Ratio_50/50-12-5.dne,3.69
0,0.188,new,cd06,31,Grid-50,14,results/original/Grid/Ratio_50/50-10-7.dne,2.25
0.30623792608300193,9.03,old,d02,,Grid-50,17,results/original/Grid/Ratio_50/50-14-1.dne,72.15
0.3062388,45.57,old,bklm16,,Grid-50,17,results/original/Grid/Ratio_50/50-14-1.dne,5.71
0,0.123,new,sbk05,20,Grid-50,16,results/original/Grid/Ratio_50/50-12-3.dne,2.48
0.8697250254567819,11.15,old,d02,,Grid-50,23,results/original/Grid/Ratio_50/50-18-2.dne,1246.8
0,0.962,new,d02,31,Grid-50,20,results/original/Grid/Ratio_50/50-18-3.dne,3.31
0.4593253198128587,13.02,old,d02,,Grid-50,16,results/original/Grid/Ratio_50/50-15-10.dne,77.99
,,new,bklm16,716,Grid-50,18,results/original/Grid/Ratio_50/50-15-9.dne,0.31
0.2487989833569763,3.25,old,cd05,,Grid-50,15,results/original/Grid/Ratio_50/50-12-8.dne,7.36
0,0.478,new,cd06,40,Grid-50,15,results/original/Grid/Ratio_50/50-14-6.dne,2.86
0.370571,0.629,new,cw,17,Grid-50,16,results/original/Grid/Ratio_50/50-12-3.dne,0.27
0.18612351885483458,40.34,old,cd05,,Grid-50,25,results/original/Grid/Ratio_50/50-18-4.dne,459.31
0.704072,25.235,new,cw,27,Grid-50,20,results/original/Grid/Ratio_50/50-15-5.dne,0.29
0.3484375119170531,3.96,old,cd06,,Grid-50,15,results/original/Grid/Ratio_50/50-14-6.dne,10.61
0,1.387,new,d02,34,Grid-50,23,results/original/Grid/Ratio_50/50-20-2.dne,3.49
0.6052231705236966,2.53,old,cd06,,Grid-50,16,results/original/Grid/Ratio_50/50-12-4.dne,5.17
0.171913078050154,45.72,old,cd05,,Grid-50,24,results/original/Grid/Ratio_50/50-17-8.dne,361.77
0.47471358610028047,2.15,old,cd06,,Grid-50,14,results/original/Grid/Ratio_50/50-10-7.dne,2.92
0.37057161637063324,3.27,old,d02,,Grid-50,16,results/original/Grid/Ratio_50/50-12-3.dne,9.01
0,0.376,new,cd06,38,Grid-50,17,results/original/Grid/Ratio_50/50-14-1.dne,2.65
0.7040722087762588,5.78,old,cd05,,Grid-50,20,results/original/Grid/Ratio_50/50-15-5.dne,28.75
,1.91,old,d02,,Grid-50,22,results/original/Grid/Ratio_50/50-20-3.dne,1584.92
,1389.29,old,sbk05,,Grid-50,23,results/original/Grid/Ratio_50/50-20-2.dne,4.21
0,0.127,new,d02,15,Grid-50,14,results/original/Grid/Ratio_50/50-10-7.dne,2.15
0,0.183,new,sbk05,21,Grid-50,17,results/original/Grid/Ratio_50/50-14-1.dne,2.51
,1546.96,old,sbk05,,Grid-50,16,results/original/Grid/Ratio_50/50-12-5.dne,2.56
0.3024648408701365,10.13,old,d02,,Grid-50,20,results/original/Grid/Ratio_50/50-16-3.dne,115.78999999999999
,1417.39,old,sbk05,,Grid-50,14,results/original/Grid/Ratio_50/50-10-7.dne,2.31
0,0.051,new,sbk05,22,Grid-50,16,results/original/Grid/Ratio_50/50-12-4.dne,2.1
0.21683547462146252,5.18,old,d02,,Grid-50,18,results/original/Grid/Ratio_50/50-15-9.dne,1299.19
0.37057161637063324,3.0,old,cd05,,Grid-50,16,results/original/Grid/Ratio_50/50-12-3.dne,5.55
0.3024648408701364,7.5,old,cd05,,Grid-50,20,results/original/Grid/Ratio_50/50-16-3.dne,30.18
0.3484381,12.96,old,bklm16,,Grid-50,15,results/original/Grid/Ratio_50/50-14-6.dne,5.66
,1.71,old,cd06,,Grid-50,22,results/original/Grid/Ratio_50/50-20-3.dne,1411.11
,,new,cw,37,Grid-50,22,results/original/Grid/Ratio_50/50-20-3.dne,0.33
0,0.35,new,d02,25,Grid-50,15,results/original/Grid/Ratio_50/50-14-6.dne,2.52
,1718.59,old,sbk05,,Grid-50,16,results/original/Grid/Ratio_50/50-12-3.dne,2.61
0.171913,334.585,new,cw,28,Grid-50,24,results/original/Grid/Ratio_50/50-17-8.dne,0.33
0.7186449505592201,24.19,old,cd05,,Grid-50,20,results/original/Grid/Ratio_50/50-18-3.dne,208.01
0,0.181,new,cd06,30,Grid-50,13,results/original/Grid/Ratio_50/50-10-10.dne,2.69
0,0.262,new,d02,20,Grid-50,15,results/original/Grid/Ratio_50/50-12-8.dne,2.54
0.7040722087762588,9.49,old,d02,,Grid-50,20,results/original/Grid/Ratio_50/50-15-5.dne,136.98
0,0.522,new,sbk05,35,Grid-50,23,results/original/Grid/Ratio_50/50-20-2.dne,3.32
,,new,cw,100,Grid-50,13,results/original/Grid/Ratio_50/50-10-10.dne,0.26
0,1.629,new,cd05,78,Grid-50,23,results/original/Grid/Ratio_50/50-20-2.dne,3.55
,481.97,old,bklm16,,Grid-50,25,results/original/Grid/Ratio_50/50-18-4.dne,74.99
0.8697250254567814,30.39,old,cd05,,Grid-50,23,results/original/Grid/Ratio_50/50-18-2.dne,216.89
0,0.108,new,sbk05,15,Grid-50,13,results/original/Grid/Ratio_50/50-10-10.dne,2.19
,1163.57,old,sbk05,,Grid-50,16,results/original/Grid/Ratio_50/50-15-10.dne,2.63
,,new,cw,100,Grid-50,14,results/original/Grid/Ratio_50/50-10-7.dne,0.12
,459.79,old,bklm16,,Grid-50,21,results/original/Grid/Ratio_50/50-19-8.dne,112.72999999999999
0,1.034,new,cd05,69,Grid-50,21,results/original/Grid/Ratio_50/50-19-8.dne,4.06
0,0.622,new,cd05,50,Grid-50,16,results/original/Grid/Ratio_50/50-15-10.dne,2.81
,,new,bklm16,296,Grid-50,14,results/original/Grid/Ratio_50/50-10-7.dne,0.28
,,new,bklm16,1329,Grid-50,22,results/original/Grid/Ratio_50/50-20-3.dne,0.36
0,0.39,new,d02,28,Grid-50,18,results/original/Grid/Ratio_50/50-15-9.dne,2.89
,1.83,old,d02,,Grid-50,23,results/original/Grid/Ratio_50/50-20-2.dne,1551.27
0,0.624,new,cd06,43,Grid-50,20,results/original/Grid/Ratio_50/50-15-5.dne,2.86
,,new,bklm16,1201,Grid-50,21,results/original/Grid/Ratio_50/50-19-8.dne,0.36
0,1.446,new,cd05,72,Grid-50,25,results/original/Grid/Ratio_50/50-18-4.dne,3.34
0.8697250254567819,10.61,old,cd06,,Grid-50,23,results/original/Grid/Ratio_50/50-18-2.dne,92.86
,,new,bklm16,461,Grid-50,16,results/original/Grid/Ratio_50/50-12-4.dne,0.13
,1129.33,old,sbk05,,Grid-50,15,results/original/Grid/Ratio_50/50-14-6.dne,2.86
0.6052231705236965,3.2,old,cd05,,Grid-50,16,results/original/Grid/Ratio_50/50-12-4.dne,5.62
0.622431,26.896,new,cw,23,Grid-50,19,results/original/Grid/Ratio_50/50-14-5.dne,0.28
0.2108485098420413,17.91,old,d02,,Grid-50,21,results/original/Grid/Ratio_50/50-19-8.dne,1590.55
0,0.112,new,sbk05,20,Grid-50,15,results/original/Grid/Ratio_50/50-12-8.dne,2.29
0,0.579,new,cd05,44,Grid-50,17,results/original/Grid/Ratio_50/50-14-1.dne,2.56
,1379.17,old,sbk05,,Grid-50,28,results/original/Grid/Ratio_50/50-20-5.dne,3.44
0,0.318,new,sbk05,31,Grid-50,20,results/original/Grid/Ratio_50/50-18-3.dne,3.09
0,0.113,new,cd05,30,Grid-50,13,results/original/Grid/Ratio_50/50-10-10.dne,2.34
0,0.351,new,cd05,37,Grid-50,16,results/original/Grid/Ratio_50/50-12-5.dne,2.7
0,1.23,new,cd06,52,Grid-50,23,results/original/Grid/Ratio_50/50-18-2.dne,3.18
,1404.76,old,sbk05,,Grid-50,20,results/original/Grid/Ratio_50/50-16-3.dne,2.95
0,0.697,new,cd05,51,Grid-50,20,results/original/Grid/Ratio_50/50-15-5.dne,2.94
0.34843751191705313,4.37,old,cd05,,Grid-50,15,results/original/Grid/Ratio_50/50-14-6.dne,14.44
,,new,cw,35,Grid-50,27,results/original/Grid/Ratio_50/50-19-3.dne,0.34
0.4593253198128586,3.65,old,cd06,,Grid-50,16,results/original/Grid/Ratio_50/50-15-10.dne,9.56
,,new,bklm16,281,Grid-50,13,results/original/Grid/Ratio_50/50-10-10.dne,0.3
,1379.18,old,sbk05,,Grid-50,13,results/original/Grid/Ratio_50/50-10-10.dne,2.21
0,0.454,new,d02,25,Grid-50,16,results/original/Grid/Ratio_50/50-15-10.dne,3.06
,1350.57,old,sbk05,,Grid-50,19,results/original/Grid/Ratio_50/50-14-5.dne,2.66
0.9147011271543557,2.05,old,cd05,,Grid-50,13,results/original/Grid/Ratio_50/50-10-10.dne,3.02
0.171913078050154,8.23,old,cd06,,Grid-50,24,results/original/Grid/Ratio_50/50-17-8.dne,41.07
0,0.397,new,d02,25,Grid-50,20,results/original/Grid/Ratio_50/50-16-3.dne,2.84
,1.84,old,cd05,,Grid-50,28,results/original/Grid/Ratio_50/50-20-5.dne,1375.26
0,0.57,new,cd06,39,Grid-50,19,results/original/Grid/Ratio_50/50-14-5.dne,2.52
0.606353,0.58,new,cw,18,Grid-50,16,results/original/Grid/Ratio_50/50-12-5.dne,0.27
0.248799,0.493,new,cw,19,Grid-50,15,results/original/Grid/Ratio_50/50-12-8.dne,0.3
0.6052242,11.5,old,bklm16,,Grid-50,16,results/original/Grid/Ratio_50/50-12-4.dne,5.17
0,0.57,new,d02,29,Grid-50,24,results/original/Grid/Ratio_50/50-17-8.dne,3.05
0,0.264,new,d02,20,Grid-50,16,results/original/Grid/Ratio_50/50-12-3.dne,2.5
0,0.226,new,sbk05,27,Grid-50,20,results/original/Grid/Ratio_50/50-15-5.dne,2.61
,2.28,old,d02,,Grid-50,28,results/original/Grid/Ratio_50/50-20-5.dne,1289.45
0,0.175,new,sbk05,22,Grid-50,15,results/original/Grid/Ratio_50/50-14-6.dne,2.34
0,0.13,new,d02,18,Grid-50,16,results/original/Grid/Ratio_50/50-12-4.dne,2.13
0.3705716163706333,3.31,old,cd06,,Grid-50,16,results/original/Grid/Ratio_50/50-12-3.dne,5.0
0,0.474,new,d02,30,Grid-50,23,results/original/Grid/Ratio_50/50-18-2.dne,3.2
0,1.25,new,cd05,67,Grid-50,23,results/original/Grid/Ratio_50/50-18-2.dne,3.34
0.9147011271543555,2.22,old,d02,,Grid-50,13,results/original/Grid/Ratio_50/50-10-10.dne,3.23
0.30623792608300204,3.65,old,cd06,,Grid-50,17,results/original/Grid/Ratio_50/50-14-1.dne,7.3
0,1.57,new,cd05,72,Grid-50,28,results/original/Grid/Ratio_50/50-20-5.dne,4.26
,,new,cw,33,Grid-50,25,results/original/Grid/Ratio_50/50-18-4.dne,0.32
,1489.14,old,sbk05,,Grid-50,18,results/original/Grid/Ratio_50/50-15-9.dne,2.46
0.4747135861002806,2.21,old,cd05,,Grid-50,14,results/original/Grid/Ratio_50/50-10-7.dne,3.19
,,new,bklm16,1024,Grid-50,20,results/original/Grid/Ratio_50/50-18-3.dne,0.33
0.9147011271543557,2.13,old,cd06,,Grid-50,13,results/original/Grid/Ratio_50/50-10-10.dne,2.8
,1228.54,old,sbk05,,Grid-50,25,results/original/Grid/Ratio_50/50-18-4.dne,3.15
0.21084850984204123,54.81,old,cd05,,Grid-50,21,results/original/Grid/Ratio_50/50-19-8.dne,550.59
,1487.05,old,sbk05,,Grid-50,23,results/original/Grid/Ratio_50/50-18-2.dne,3.35
0,0.084,new,sbk05,47,DQMR-100,43,results/original/DQMR/qmr-100/or-100-5-1.dne,2.04
0,0.059,new,d02,42,DQMR-100,41,results/original/DQMR/qmr-100/or-100-10-9.dne,1.25
,,new,cd05,92,DQMR-100,45,results/original/DQMR/qmr-100/or-100-20-10.dne,1.37
,0.52,old,cd06,,DQMR-100,45,results/original/DQMR/qmr-100/or-100-20-10.dne,1001.98
,,new,cd05,86,DQMR-100,41,results/original/DQMR/qmr-100/or-100-10-9.dne,1.38
,0.52,old,d02,,DQMR-100,44,results/original/DQMR/qmr-100/or-100-10-3.dne,1000.91
,0.53,old,d02,,DQMR-100,43,results/original/DQMR/qmr-100/or-100-5-1.dne,1000.9
,,new,cd05,86,DQMR-100,42,results/original/DQMR/qmr-100/or-100-5-4.dne,1.31
0,0.19,new,d02,43,DQMR-100,42,results/original/DQMR/qmr-100/or-100-20-1.dne,3.12
0,26.498,new,cd05,90,DQMR-100,44,results/original/DQMR/qmr-100/or-100-10-3.dne,1.38
,,new,cd05,96,DQMR-100,43,results/original/DQMR/qmr-100/or-100-5-1.dne,2.88
,2000.07,old,sbk05,,DQMR-100,42,results/original/DQMR/qmr-100/or-100-20-1.dne,2.58
0,0.049,new,sbk05,49,DQMR-100,42,results/original/DQMR/qmr-100/or-100-20-7.dne,1.33
0,0.051,new,sbk05,46,DQMR-100,45,results/original/DQMR/qmr-100/or-100-20-10.dne,1.34
,,new,bklm16,142,DQMR-100,41,results/original/DQMR/qmr-100/or-100-10-9.dne,0.08
,0.52,old,d02,,DQMR-100,42,results/original/DQMR/qmr-100/or-100-5-4.dne,1000.95
,0.04,old,bklm16,,DQMR-100,41,results/original/DQMR/qmr-100/or-100-10-9.dne,1000.13
,1000.03,old,sbk05,,DQMR-100,44,results/original/DQMR/qmr-100/or-100-10-3.dne,1.24
,0.04,old,bklm16,,DQMR-100,44,results/original/DQMR/qmr-100/or-100-10-3.dne,1000.1
,1.46,old,cd06,,DQMR-100,42,results/original/DQMR/qmr-100/or-100-20-1.dne,2003.85
,0.52,old,cd05,,DQMR-100,42,results/original/DQMR/qmr-100/or-100-20-7.dne,1002.01
,0.51,old,cd05,,DQMR-100,45,results/original/DQMR/qmr-100/or-100-20-10.dne,1001.79
,0.53,old,cd05,,DQMR-100,42,results/original/DQMR/qmr-100/or-100-5-4.dne,1002.06
,1000.03,old,sbk05,,DQMR-100,42,results/original/DQMR/qmr-100/or-100-5-4.dne,1.21
,0.55,old,cd05,,DQMR-100,43,results/original/DQMR/qmr-100/or-100-5-1.dne,1002.44
,,new,cd06,104,DQMR-100,43,results/original/DQMR/qmr-100/or-100-5-1.dne,2.41
,0.54,old,d02,,DQMR-100,42,results/original/DQMR/qmr-100/or-100-20-7.dne,1001.04
0.185225,13.387,new,cw,46,DQMR-100,43,results/original/DQMR/qmr-100/or-100-5-1.dne,0.08
,,new,cd06,105,DQMR-100,45,results/original/DQMR/qmr-100/or-100-20-10.dne,1.5
,0.51,old,cd06,,DQMR-100,44,results/original/DQMR/qmr-100/or-100-10-3.dne,1001.96
,0.07,old,bklm16,,DQMR-100,43,results/original/DQMR/qmr-100/or-100-5-1.dne,1000.1
0.501365,0.04,new,cw,46,DQMR-100,45,results/original/DQMR/qmr-100/or-100-20-10.dne,0.08
,1.47,old,d02,,DQMR-100,42,results/original/DQMR/qmr-100/or-100-20-1.dne,2003.28
0.562061,0.076,new,cw,43,DQMR-100,42,results/original/DQMR/qmr-100/or-100-20-1.dne,0.23
,0.05,old,bklm16,,DQMR-100,45,results/original/DQMR/qmr-100/or-100-20-10.dne,1000.11
,0.51,old,cd05,,DQMR-100,44,results/original/DQMR/qmr-100/or-100-10-3.dne,1002.06
,0.26,old,bklm16,,DQMR-100,42,results/original/DQMR/qmr-100/or-100-20-1.dne,2000.41
,1000.06,old,sbk05,,DQMR-100,43,results/original/DQMR/qmr-100/or-100-5-1.dne,1.21
0,0.059,new,d02,47,DQMR-100,42,results/original/DQMR/qmr-100/or-100-20-7.dne,1.29
0,0.056,new,d02,44,DQMR-100,44,results/original/DQMR/qmr-100/or-100-10-3.dne,1.26
,,new,bklm16,147,DQMR-100,43,results/original/DQMR/qmr-100/or-100-5-1.dne,0.25
0,0.055,new,d02,43,DQMR-100,42,results/original/DQMR/qmr-100/or-100-5-4.dne,1.27
,1000.04,old,sbk05,,DQMR-100,41,results/original/DQMR/qmr-100/or-100-10-9.dne,1.26
0.451194,0.04,new,cw,49,DQMR-100,42,results/original/DQMR/qmr-100/or-100-20-7.dne,0.08
,,new,bklm16,124,DQMR-100,42,results/original/DQMR/qmr-100/or-100-20-7.dne,0.08
0,0.048,new,sbk05,43,DQMR-100,42,results/original/DQMR/qmr-100/or-100-5-4.dne,1.29
,,new,cd06,103,DQMR-100,42,results/original/DQMR/qmr-100/or-100-20-7.dne,1.32
0.341377,253.175,new,cw,44,DQMR-100,44,results/original/DQMR/qmr-100/or-100-10-3.dne,0.08
,0.51,old,cd06,,DQMR-100,43,results/original/DQMR/qmr-100/or-100-5-1.dne,1002.36
0,0.058,new,d02,46,DQMR-100,45,results/original/DQMR/qmr-100/or-100-20-10.dne,1.36
,0.51,old,cd05,,DQMR-100,41,results/original/DQMR/qmr-100/or-100-10-9.dne,1001.84
0,0.099,new,sbk05,43,DQMR-100,42,results/original/DQMR/qmr-100/or-100-20-1.dne,2.62
,0.52,old,cd06,,DQMR-100,42,results/original/DQMR/qmr-100/or-100-20-7.dne,1002.15
,0.54,old,cd06,,DQMR-100,41,results/original/DQMR/qmr-100/or-100-10-9.dne,1002.26
,,new,cd06,99,DQMR-100,42,results/original/DQMR/qmr-100/or-100-20-1.dne,3.0
0.185285,33.52,new,cw,43,DQMR-100,42,results/original/DQMR/qmr-100/or-100-5-4.dne,0.08
0,0.047,new,sbk05,42,DQMR-100,41,results/original/DQMR/qmr-100/or-100-10-9.dne,1.16
0,0.618,new,cd06,102,DQMR-100,42,results/original/DQMR/qmr-100/or-100-5-4.dne,1.29
,1000.04,old,sbk05,,DQMR-100,42,results/original/DQMR/qmr-100/or-100-20-7.dne,1.25
0,240.333,new,cd05,88,DQMR-100,42,results/original/DQMR/qmr-100/or-100-10-1.dne,1.32
,0.04,old,bklm16,,DQMR-100,42,results/original/DQMR/qmr-100/or-100-20-7.dne,1000.11
,,new,cd06,94,DQMR-100,42,results/original/DQMR/qmr-100/or-100-10-1.dne,1.23
0,98.421,new,cd05,92,DQMR-100,42,results/original/DQMR/qmr-100/or-100-20-7.dne,1.33
,0.53,old,d02,,DQMR-100,41,results/original/DQMR/qmr-100/or-100-10-9.dne,1000.96
,1000.04,old,sbk05,,DQMR-100,45,results/original/DQMR/qmr-100/or-100-20-10.dne,1.12
,,new,bklm16,146,DQMR-100,45,results/original/DQMR/qmr-100/or-100-20-10.dne,0.08
,,new,bklm16,133,DQMR-100,42,results/original/DQMR/qmr-100/or-100-5-4.dne,0.08
,0.53,old,d02,,DQMR-100,45,results/original/DQMR/qmr-100/or-100-20-10.dne,1001.01
0.341461,96.143,new,cw,41,DQMR-100,41,results/original/DQMR/qmr-100/or-100-10-9.dne,0.08
,0.05,old,bklm16,,DQMR-100,42,results/original/DQMR/qmr-100/or-100-5-4.dne,1000.1
0,214.186,new,cd06,92,DQMR-100,41,results/original/DQMR/qmr-100/or-100-10-9.dne,1.23
0,0.047,new,sbk05,45,DQMR-100,44,results/original/DQMR/qmr-100/or-100-10-3.dne,1.22
0,0.091,new,d02,45,DQMR-100,43,results/original/DQMR/qmr-100/or-100-5-1.dne,2.08
,,new,bklm16,124,DQMR-100,42,results/original/DQMR/qmr-100/or-100-20-1.dne,0.27
,0.52,old,cd06,,DQMR-100,42,results/original/DQMR/qmr-100/or-100-5-4.dne,1002.06
,,new,cd06,102,DQMR-100,44,results/original/DQMR/qmr-100/or-100-10-3.dne,1.36
0,1004.29,new,cd05,86,DQMR-100,42,results/original/DQMR/qmr-100/or-100-20-1.dne,3.98
,1.36,old,cd05,,DQMR-100,42,results/original/DQMR/qmr-100/or-100-20-1.dne,2003.86
,,new,bklm16,122,DQMR-100,44,results/original/DQMR/qmr-100/or-100-10-3.dne,0.07
,0.09,old,bklm16,,Plan Recognition,49,results/original/Plan_Recognition/without_evidence/tire-3.dne,1001.13
0,20.237,new,cd06,156,Plan Recognition,66,results/original/Plan_Recognition/without_evidence/tire-4.dne,10.15
,2.84,old,d02,,Plan Recognition,66,results/original/Plan_Recognition/without_evidence/tire-4.dne,1004.47
0,2.07,new,cw,95,Plan Recognition,66,results/original/Plan_Recognition/without_evidence/tire-4.dne,0.82
,0.06,old,bklm16,,Plan Recognition,66,results/original/Plan_Recognition/without_evidence/tire-4.dne,1003.54
1.23665e+173,2.845,new,bklm16,83,Plan Recognition,49,results/original/Plan_Recognition/without_evidence/tire-3.dne,0.5
0,3.246,new,sbk05,99,Plan Recognition,66,results/original/Plan_Recognition/without_evidence/tire-4.dne,10.13
,1.62,old,cd06,,Plan Recognition,49,results/original/Plan_Recognition/without_evidence/tire-3.dne,1009.65
,1000.52,old,sbk05,,Plan Recognition,49,results/original/Plan_Recognition/without_evidence/tire-3.dne,6.79
0,2.012,new,d02,70,Plan Recognition,49,results/original/Plan_Recognition/without_evidence/tire-3.dne,6.46
0,4.95,new,cd05,116,Plan Recognition,49,results/original/Plan_Recognition/without_evidence/tire-3.dne,8.16
6.82805e+243,6.916,new,bklm16,79,Plan Recognition,66,results/original/Plan_Recognition/without_evidence/tire-4.dne,0.82
0,10.378,new,cd05,120,Plan Recognition,66,results/original/Plan_Recognition/without_evidence/tire-4.dne,8.91
0,1.525,new,sbk05,69,Plan Recognition,49,results/original/Plan_Recognition/without_evidence/tire-3.dne,5.59
,2.38,old,cd06,,Plan Recognition,66,results/original/Plan_Recognition/without_evidence/tire-4.dne,1012.45
,2.36,old,cd05,,Plan Recognition,66,results/original/Plan_Recognition/without_evidence/tire-4.dne,1012.01
,1.7,old,cd05,,Plan Recognition,49,results/original/Plan_Recognition/without_evidence/tire-3.dne,1008.55
0,0.904,new,cw,81,Plan Recognition,49,results/original/Plan_Recognition/without_evidence/tire-3.dne,0.49
,1.97,old,d02,,Plan Recognition,49,results/original/Plan_Recognition/without_evidence/tire-3.dne,1004.05
0,4.81,new,d02,70,Plan Recognition,66,results/original/Plan_Recognition/without_evidence/tire-4.dne,10.11
,1000.4,old,sbk05,,Plan Recognition,66,results/original/Plan_Recognition/without_evidence/tire-4.dne,10.87
0,6.053,new,cd06,115,Plan Recognition,49,results/original/Plan_Recognition/without_evidence/tire-3.dne,6.09
4.24405802598624E-49,1.35,old,d02,,Plan Recognition,22,results/original/Plan_Recognition/with_evidence/5step-evidence,6.1
,0.07,old,bklm16,,Plan Recognition,42,results/original/Plan_Recognition/with_evidence/log-1-evidence,1004.56
2.005067425486787E-154,2.36,old,cd06,,Plan Recognition,44,results/original/Plan_Recognition/with_evidence/tire-2-evidence,11.65
,2.54,old,cd05,,Plan Recognition,42,results/original/Plan_Recognition/with_evidence/log-1-evidence,1013.3
0,1.057,new,cw,79,Plan Recognition,44,results/original/Plan_Recognition/with_evidence/tire-2-evidence,0.49
7.26441e+08,0.897,new,bklm16,45,Plan Recognition,32,results/original/Plan_Recognition/with_evidence/tire-1-evidence,0.24
0,14.923,new,cd05,86,Plan Recognition,42,results/original/Plan_Recognition/with_evidence/log-1-evidence,8.61
2.005067425486787E-154,2.46,old,d02,,Plan Recognition,44,results/original/Plan_Recognition/with_evidence/tire-2-evidence,499.5
0,0.261,new,cd06,60,Plan Recognition,22,results/original/Plan_Recognition/with_evidence/5step-evidence,2.6
0,10.925,new,cd06,94,Plan Recognition,42,results/original/Plan_Recognition/with_evidence/log-1-evidence,9.23
0,0.144,new,cw,27,Plan Recognition,22,results/original/Plan_Recognition/with_evidence/5step-evidence,0.16
0,0.199,new,sbk05,25,Plan Recognition,22,results/original/Plan_Recognition/with_evidence/5step-evidence,2.48
7.91847894451863E-98,1.61,old,cd05,,Plan Recognition,32,results/original/Plan_Recognition/with_evidence/tire-1-evidence,5.3
7.91847894451863E-98,1.59,old,d02,,Plan Recognition,32,results/original/Plan_Recognition/with_evidence/tire-1-evidence,12.88
1.4587e+07,0.125,new,bklm16,19,Plan Recognition,15,results/original/Plan_Recognition/with_evidence/4step-evidence,0.18
0,1.992,new,d02,70,Plan Recognition,44,results/original/Plan_Recognition/with_evidence/tire-2-evidence,6.14
0,0.305,new,cd05,36,Plan Recognition,15,results/original/Plan_Recognition/with_evidence/4step-evidence,1.99
0,0.16,new,sbk05,18,Plan Recognition,15,results/original/Plan_Recognition/with_evidence/4step-evidence,2.2
0,4.046,new,cd06,100,Plan Recognition,44,results/original/Plan_Recognition/with_evidence/tire-2-evidence,6.05
4.24405802598624E-49,1.24,old,cd05,,Plan Recognition,22,results/original/Plan_Recognition/with_evidence/5step-evidence,2.81
0,1.56,new,cd05,80,Plan Recognition,32,results/original/Plan_Recognition/with_evidence/tire-1-evidence,4.77
8.201293e-100,0.11,old,bklm16,,Plan Recognition,32,results/original/Plan_Recognition/with_evidence/tire-1-evidence,18.52
1.954459e-50,0.06,old,bklm16,,Plan Recognition,22,results/original/Plan_Recognition/with_evidence/5step-evidence,6.02
7.91847894451863E-98,1.68,old,cd06,,Plan Recognition,32,results/original/Plan_Recognition/with_evidence/tire-1-evidence,4.62
0,0.225,new,d02,16,Plan Recognition,15,results/original/Plan_Recognition/with_evidence/4step-evidence,2.11
,3.06,old,cd06,,Plan Recognition,42,results/original/Plan_Recognition/with_evidence/log-1-evidence,1013.68
4.10908e+99,14.829,new,bklm16,58,Plan Recognition,42,results/original/Plan_Recognition/with_evidence/log-1-evidence,2.37
2.005067425486787E-154,2.36,old,cd05,,Plan Recognition,44,results/original/Plan_Recognition/with_evidence/tire-2-evidence,11.05
0,1.528,new,sbk05,82,Plan Recognition,44,results/original/Plan_Recognition/with_evidence/tire-2-evidence,5.59
0,0.138,new,cw,15,Plan Recognition,15,results/original/Plan_Recognition/with_evidence/4step-evidence,0.17
0,7.93,new,d02,62,Plan Recognition,42,results/original/Plan_Recognition/with_evidence/log-1-evidence,9.06
,1002.98,old,sbk05,,Plan Recognition,42,results/original/Plan_Recognition/with_evidence/log-1-evidence,8.16
2.00507e-154,0.14,old,sbk05,,Plan Recognition,44,results/original/Plan_Recognition/with_evidence/tire-2-evidence,6.2
0,3.14,new,cw,53,Plan Recognition,42,results/original/Plan_Recognition/with_evidence/log-1-evidence,1.49
0,0.33,new,cd05,52,Plan Recognition,22,results/original/Plan_Recognition/with_evidence/5step-evidence,2.37
2.022919e-45,0.06,old,bklm16,,Plan Recognition,15,results/original/Plan_Recognition/with_evidence/4step-evidence,6.83
0,0.86,new,d02,42,Plan Recognition,32,results/original/Plan_Recognition/with_evidence/tire-1-evidence,4.29
81300,0.23,new,bklm16,27,Plan Recognition,22,results/original/Plan_Recognition/with_evidence/5step-evidence,0.15
,,new,bklm16,79,Plan Recognition,44,results/original/Plan_Recognition/with_evidence/tire-2-evidence,0.5
4.24406e-49,0.05,old,sbk05,,Plan Recognition,22,results/original/Plan_Recognition/with_evidence/5step-evidence,2.23
0,4.238,new,cd05,102,Plan Recognition,44,results/original/Plan_Recognition/with_evidence/tire-2-evidence,7.59
3.1190137825127248E-43,1.31,old,d02,,Plan Recognition,15,results/original/Plan_Recognition/with_evidence/4step-evidence,3.1
0,0.325,new,cw,40,Plan Recognition,32,results/original/Plan_Recognition/with_evidence/tire-1-evidence,0.23
3.11901e-43,0.05,old,sbk05,,Plan Recognition,15,results/original/Plan_Recognition/with_evidence/4step-evidence,2.14
0,1.436,new,cd06,83,Plan Recognition,32,results/original/Plan_Recognition/with_evidence/tire-1-evidence,4.88
4.24405802598624E-49,1.11,old,cd06,,Plan Recognition,22,results/original/Plan_Recognition/with_evidence/5step-evidence,2.6
0,0.243,new,d02,27,Plan Recognition,22,results/original/Plan_Recognition/with_evidence/5step-evidence,2.63
,2.56,old,d02,,Plan Recognition,42,results/original/Plan_Recognition/with_evidence/log-1-evidence,1009.31
4.407389e-156,0.28,old,bklm16,,Plan Recognition,44,results/original/Plan_Recognition/with_evidence/tire-2-evidence,33.67
0,0.55,new,sbk05,38,Plan Recognition,32,results/original/Plan_Recognition/with_evidence/tire-1-evidence,4.41
0,6.27,new,sbk05,55,Plan Recognition,42,results/original/Plan_Recognition/with_evidence/log-1-evidence,7.99
0,0.166,new,cd06,38,Plan Recognition,15,results/original/Plan_Recognition/with_evidence/4step-evidence,2.34
7.91848e-98,0.17,old,sbk05,,Plan Recognition,32,results/original/Plan_Recognition/with_evidence/tire-1-evidence,3.81
3.1190137825127248E-43,1.17,old,cd05,,Plan Recognition,15,results/original/Plan_Recognition/with_evidence/4step-evidence,2.46
3.1190137825127248E-43,1.11,old,cd06,,Plan Recognition,15,results/original/Plan_Recognition/with_evidence/4step-evidence,2.41
0,1.713,new,sbk05,40,2004-PGM,36,results/original/2004-pgm/mastermind_04_08_04-0006,8.0
0,494.383,new,cd05,120,2004-PGM,62,results/original/2004-pgm/blockmap_15_03-0005,42.67
,1204.11,old,sbk05,,2004-PGM,62,results/original/2004-pgm/blockmap_15_03-0005,57.37
0.006944388,0.13,old,bklm16,,2004-PGM,45,results/original/2004-pgm/blockmap_10_02-0002,182.83
0.045454545454545484,12.21,old,d02,,2004-PGM,95,results/original/2004-pgm/blockmap_22_01-0012,1080.06
0.00010798,408.302,new,cw,90,2004-PGM,88,results/original/2004-pgm/blockmap_20_03-0010,102.1
0.8451200000000014,4.11,old,cd06,,2004-PGM,27,results/original/2004-pgm/mastermind_05_08_03-0000,13.4
2.824295364810002E-16,4.06,old,cd06,,2004-PGM,47,results/original/2004-pgm/mastermind_10_08_03-0003,8.97
0.0524781,0.25,old,sbk05,,2004-PGM,19,results/original/2004-pgm/blockmap_05_03-0013,3.6
,,new,bklm16,109,2004-PGM,48,results/original/2004-pgm/blockmap_10_03-0014,3.98
0.0666667,134.38,old,sbk05,,2004-PGM,58,results/original/2004-pgm/blockmap_15_01-0015,36.42
5.368722e-19,0.23,old,bklm16,,2004-PGM,27,results/original/2004-pgm/mastermind_05_08_03-0006,90.27
0,1040.37,new,sbk05,96,2004-PGM,95,results/original/2004-pgm/blockmap_22_01-0004,373.55
,,new,cd05,164,2004-PGM,85,results/original/2004-pgm/blockmap_20_02-0000,242.05
0,13.591,new,sbk05,55,2004-PGM,48,results/original/2004-pgm/blockmap_10_03-0014,15.88
0,1.141,new,sbk05,35,2004-PGM,27,results/original/2004-pgm/mastermind_05_08_03-0000,5.58
,,new,bklm16,219,2004-PGM,100,results/original/2004-pgm/blockmap_22_03-0014,348.08
,,new,cd06,172,2004-PGM,82,results/original/2004-pgm/blockmap_20_01-0006,161.89
,,new,cd06,,2004-PGM,97,results/original/2004-pgm/blockmap_22_02-0011,330.36
9.27928709870685E-7,3.3,old,cd06,,2004-PGM,24,results/original/2004-pgm/mastermind_04_08_03-0012,7.51
0,2.737,new,cw,40,2004-PGM,36,results/original/2004-pgm/mastermind_04_08_04-0006,1.27
2.117582368135754E-22,3.44,old,cd06,,2004-PGM,36,results/original/2004-pgm/mastermind_04_08_04-0006,6.69
1.079796998164345E-4,9.67,old,cd05,,2004-PGM,88,results/original/2004-pgm/blockmap_20_03-0010,54.12
0,488.782,new,d02,84,2004-PGM,88,results/original/2004-pgm/blockmap_20_03-0010,279.88
0,4.406,new,cd06,67,2004-PGM,27,results/original/2004-pgm/mastermind_05_08_03-0006,5.45
0,60.971,new,cd06,98,2004-PGM,48,results/original/2004-pgm/blockmap_10_03-0014,17.72
0,4.713,new,cw,43,2004-PGM,38,results/original/2004-pgm/mastermind_03_08_05-0006,2.16
0.0909091,0.45,old,sbk05,,2004-PGM,45,results/original/2004-pgm/blockmap_10_01-0015,14.51
,0.08,old,bklm16,,2004-PGM,88,results/original/2004-pgm/blockmap_20_03-0010,1223.97
0,1.252,new,cd06,50,2004-PGM,19,results/original/2004-pgm/blockmap_05_03-0013,4.62
0.7727272727272727,12.93,old,cd05,,2004-PGM,95,results/original/2004-pgm/blockmap_22_01-0004,754.1
,,new,bklm16,242,2004-PGM,31,results/original/2004-pgm/mastermind_06_08_03-0013,0.65
0.0666666666666667,5.78,old,cd06,,2004-PGM,58,results/original/2004-pgm/blockmap_15_01-0015,41.1
,,new,bklm16,178,2004-PGM,36,results/original/2004-pgm/mastermind_04_08_04-0006,1.13
0.7727272727272725,12.12,old,d02,,2004-PGM,95,results/original/2004-pgm/blockmap_22_01-0004,1376.21
,,new,bklm16,118,2004-PGM,60,results/original/2004-pgm/blockmap_15_02-0009,29.67
0.049999999999999996,9.29,old,cd06,,2004-PGM,82,results/original/2004-pgm/blockmap_20_01-0006,64.94
0,1.285,new,cw,37,2004-PGM,31,results/original/2004-pgm/mastermind_06_08_03-0008,0.84
0,39.934,new,cd05,96,2004-PGM,45,results/original/2004-pgm/blockmap_10_01-0015,13.39
3.38488e-22,0.09,old,sbk05,,2004-PGM,38,results/original/2004-pgm/mastermind_03_08_05-0006,8.05
9.279287098706852E-7,2.72,old,d02,,2004-PGM,24,results/original/2004-pgm/mastermind_04_08_03-0012,5.31
0.0454545,1166.61,new,cw,97,2004-PGM,95,results/original/2004-pgm/blockmap_22_01-0012,198.67000000000002
0.8451193,10.64,old,bklm16,,2004-PGM,27,results/original/2004-pgm/mastermind_05_08_03-0000,78.78999999999999
,,new,bklm16,,2004-PGM,85,results/original/2004-pgm/blockmap_20_02-0008,147.3
0.0041322314049586795,10.6,old,cd06,,2004-PGM,97,results/original/2004-pgm/blockmap_22_02-0011,215.3
0.05,0.29,old,sbk05,,2004-PGM,82,results/original/2004-pgm/blockmap_20_01-0006,157.74
0,418.419,new,cd05,116,2004-PGM,60,results/original/2004-pgm/blockmap_15_02-0009,42.28
0.00347222,9.653,new,cw,60,2004-PGM,48,results/original/2004-pgm/blockmap_10_03-0015,2.96
0,2.151,new,d02,40,2004-PGM,36,results/original/2004-pgm/mastermind_04_08_04-0006,8.38
0.013888888888888895,4.18,old,d02,,2004-PGM,48,results/original/2004-pgm/blockmap_10_03-0014,25.08
9.27929e-07,0.67,old,sbk05,,2004-PGM,24,results/original/2004-pgm/mastermind_04_08_03-0012,5.03
3.384882032909457E-22,3.57,old,cd06,,2004-PGM,38,results/original/2004-pgm/mastermind_03_08_05-0006,7.91
0,61.299,new,cd05,96,2004-PGM,48,results/original/2004-pgm/blockmap_10_03-0014,17.96
0,40.3,new,cd06,100,2004-PGM,45,results/original/2004-pgm/blockmap_10_02-0002,16.31
0,3.168,new,sbk05,43,2004-PGM,38,results/original/2004-pgm/mastermind_03_08_05-0006,7.85
,,new,cd05,,2004-PGM,95,results/original/2004-pgm/blockmap_22_01-0004,397.38
,4.55,old,cd05,,2004-PGM,62,results/original/2004-pgm/blockmap_15_03-0005,1085.89
0.05247813411078718,2.38,old,d02,,2004-PGM,19,results/original/2004-pgm/blockmap_05_03-0013,4.58
,0.2,old,bklm16,,2004-PGM,95,results/original/2004-pgm/blockmap_22_01-0004,1730.62
0.84512,2.143,new,cw,29,2004-PGM,27,results/original/2004-pgm/mastermind_05_08_03-0000,0.75
,,new,bklm16,201,2004-PGM,88,results/original/2004-pgm/blockmap_20_03-0010,249.92
0,73.619,new,sbk05,74,2004-PGM,60,results/original/2004-pgm/blockmap_15_02-0009,44.69
,,new,cd06,179,2004-PGM,85,results/original/2004-pgm/blockmap_20_02-0000,199.77
0.00694444,0.11,old,sbk05,,2004-PGM,45,results/original/2004-pgm/blockmap_10_02-0002,14.09
0,3.178,new,cd06,83,2004-PGM,31,results/original/2004-pgm/mastermind_06_08_03-0008,6.64
,,new,bklm16,134,2004-PGM,95,results/original/2004-pgm/blockmap_22_01-0012,336.45
3.384882032909457E-22,3.45,old,d02,,2004-PGM,38,results/original/2004-pgm/mastermind_03_08_05-0006,9.01
0,2.182,new,sbk05,57,2004-PGM,47,results/original/2004-pgm/mastermind_10_08_03-0003,7.45
0,69.525,new,cd05,96,2004-PGM,45,results/original/2004-pgm/blockmap_10_02-0002,15.15
,,new,bklm16,118,2004-PGM,82,results/original/2004-pgm/blockmap_20_01-0006,156.04
0.84512,5.38,old,sbk05,,2004-PGM,27,results/original/2004-pgm/mastermind_05_08_03-0000,5.91
0,972.288,new,sbk05,100,2004-PGM,100,results/original/2004-pgm/blockmap_22_03-0014,356.26
,1206.97,old,sbk05,,2004-PGM,100,results/original/2004-pgm/blockmap_22_03-0014,403.42
,,new,bklm16,90,2004-PGM,45,results/original/2004-pgm/blockmap_10_02-0002,3.32
,,new,bklm16,110,2004-PGM,48,results/original/2004-pgm/blockmap_10_03-0015,5.1
0.049999999999999996,9.44,old,d02,,2004-PGM,82,results/original/2004-pgm/blockmap_20_01-0006,57.65
9.279287098706852E-7,3.01,old,cd05,,2004-PGM,24,results/original/2004-pgm/mastermind_04_08_03-0012,8.07
0,906.797,new,d02,98,2004-PGM,95,results/original/2004-pgm/blockmap_22_01-0004,381.41
0,1.782,new,d02,36,2004-PGM,31,results/original/2004-pgm/mastermind_06_08_03-0008,6.79
1.079796998164345E-4,9.34,old,d02,,2004-PGM,88,results/original/2004-pgm/blockmap_20_03-0010,54.11
,,new,bklm16,132,2004-PGM,95,results/original/2004-pgm/blockmap_22_01-0004,318.46
0.01388889,0.32,old,bklm16,,2004-PGM,48,results/original/2004-pgm/blockmap_10_03-0014,248.1
0,12.929,new,sbk05,56,2004-PGM,45,results/original/2004-pgm/blockmap_10_01-0015,13.23
1.303067e-06,9.21,old,bklm16,,2004-PGM,31,results/original/2004-pgm/mastermind_06_08_03-0013,111.75
0,1.19,new,sbk05,41,2004-PGM,31,results/original/2004-pgm/mastermind_06_08_03-0008,6.35
0.09090909090909094,4.54,old,cd05,,2004-PGM,45,results/original/2004-pgm/blockmap_10_01-0015,14.66
0.0041322314049586795,11.56,old,d02,,2004-PGM,97,results/original/2004-pgm/blockmap_22_02-0011,1100.68
0.0909091,13.761,new,cw,54,2004-PGM,45,results/original/2004-pgm/blockmap_10_01-0015,3.9
1.954104e-21,0.1,old,bklm16,,2004-PGM,31,results/original/2004-pgm/mastermind_06_08_03-0008,59.21
,,new,cd05,,2004-PGM,95,results/original/2004-pgm/blockmap_22_01-0012,391.63
0,265.898,new,cd05,112,2004-PGM,58,results/original/2004-pgm/blockmap_15_01-0015,35.49
1.9540975278572664E-21,3.1,old,cd06,,2004-PGM,31,results/original/2004-pgm/mastermind_06_08_03-0008,5.54
0,58.364,new,cd06,100,2004-PGM,48,results/original/2004-pgm/blockmap_10_03-0015,16.04
,,new,cd06,177,2004-PGM,88,results/original/2004-pgm/blockmap_20_03-0010,207.64
0,4.473,new,cd05,83,2004-PGM,31,results/original/2004-pgm/mastermind_06_08_03-0008,6.87
0.1483818440871159,5.51,old,cd06,,2004-PGM,62,results/original/2004-pgm/blockmap_15_03-0005,55.26
0.0069444444444444415,4.38,old,d02,,2004-PGM,45,results/original/2004-pgm/blockmap_10_02-0002,9.92
,,new,bklm16,150,2004-PGM,62,results/original/2004-pgm/blockmap_15_03-0005,23.83
0.00390625,0.17,old,sbk05,,2004-PGM,60,results/original/2004-pgm/blockmap_15_02-0009,41.67
0,1000.05,new,d02,100,2004-PGM,100,results/original/2004-pgm/blockmap_22_03-0014,431.86
0,898.3,new,sbk05,99,2004-PGM,97,results/original/2004-pgm/blockmap_22_02-0011,326.65
0,70.227,new,sbk05,69,2004-PGM,58,results/original/2004-pgm/blockmap_15_01-0015,41.04
0.052478134110787195,2.73,old,cd06,,2004-PGM,19,results/original/2004-pgm/blockmap_05_03-0013,4.92
0,822.164,new,d02,97,2004-PGM,95,results/original/2004-pgm/blockmap_22_01-0012,362.19
2.824293e-16,1.52,old,bklm16,,2004-PGM,47,results/original/2004-pgm/mastermind_10_08_03-0003,103.15
0,440.609,new,d02,82,2004-PGM,82,results/original/2004-pgm/blockmap_20_01-0006,154.48
0.045454545454545484,10.53,old,cd05,,2004-PGM,95,results/original/2004-pgm/blockmap_22_01-0012,186.73
0,532.695,new,sbk05,85,2004-PGM,88,results/original/2004-pgm/blockmap_20_03-0010,166.38
9.27929e-07,0.598,new,cw,27,2004-PGM,24,results/original/2004-pgm/mastermind_04_08_03-0012,0.67
0,1.866,new,d02,37,2004-PGM,31,results/original/2004-pgm/mastermind_06_08_03-0013,9.83
2.8242953648100053E-16,3.56,old,d02,,2004-PGM,47,results/original/2004-pgm/mastermind_10_08_03-0003,8.43
0,38.101,new,cw,66,2004-PGM,47,results/original/2004-pgm/mastermind_10_08_03-0003,0.88
,,new,bklm16,484,2004-PGM,47,results/original/2004-pgm/mastermind_10_08_03-0003,1.09
0.003906249999999999,6.2,old,cd05,,2004-PGM,60,results/original/2004-pgm/blockmap_15_02-0009,27.67
0.09090899,0.29,old,bklm16,,2004-PGM,45,results/original/2004-pgm/blockmap_10_01-0015,155.97
,,new,bklm16,55,2004-PGM,19,results/original/2004-pgm/blockmap_05_03-0013,0.5
0.0069444444444444415,4.38,old,cd05,,2004-PGM,45,results/original/2004-pgm/blockmap_10_02-0002,10.36
0,3.146,new,cd06,59,2004-PGM,24,results/original/2004-pgm/mastermind_04_08_03-0012,5.51
0,19.506,new,cd06,100,2004-PGM,47,results/original/2004-pgm/mastermind_10_08_03-0003,7.66
0.003472222222222223,4.71,old,d02,,2004-PGM,48,results/original/2004-pgm/blockmap_10_03-0015,20.82
,,new,bklm16,125,2004-PGM,24,results/original/2004-pgm/mastermind_04_08_03-0012,0.46
0,371.004,new,cd06,116,2004-PGM,58,results/original/2004-pgm/blockmap_15_01-0015,40.64
,6.81,old,cd05,,2004-PGM,85,results/original/2004-pgm/blockmap_20_02-0000,1337.33
0,0.528,new,d02,24,2004-PGM,19,results/original/2004-pgm/blockmap_05_03-0013,5.1
0,6.799,new,cd05,79,2004-PGM,36,results/original/2004-pgm/mastermind_04_08_04-0006,9.2
,,new,bklm16,174,2004-PGM,97,results/original/2004-pgm/blockmap_22_02-0011,306.83
5.36871e-19,0.07,old,sbk05,,2004-PGM,27,results/original/2004-pgm/mastermind_05_08_03-0006,6.11
0.1483818440871159,6.69,old,d02,,2004-PGM,62,results/original/2004-pgm/blockmap_15_03-0005,1270.81
0,46.294,new,cd05,96,2004-PGM,48,results/original/2004-pgm/blockmap_10_03-0015,13.9
,,new,cd05,168,2004-PGM,88,results/original/2004-pgm/blockmap_20_03-0010,215.22
0,837.081,new,sbk05,95,2004-PGM,95,results/original/2004-pgm/blockmap_22_01-0012,349.5
2.117582368135754E-22,3.34,old,cd05,,2004-PGM,36,results/original/2004-pgm/mastermind_04_08_04-0006,6.84
0,3.877,new,cd05,59,2004-PGM,24,results/original/2004-pgm/mastermind_04_08_03-0012,5.61
0,8.778,new,sbk05,58,2004-PGM,45,results/original/2004-pgm/blockmap_10_02-0002,13.17
0,3.892,new,cd05,70,2004-PGM,27,results/original/2004-pgm/mastermind_05_08_03-0006,6.19
0,13.324,new,d02,59,2004-PGM,48,results/original/2004-pgm/blockmap_10_03-0014,18.21
,,new,cw,97,2004-PGM,95,results/original/2004-pgm/blockmap_22_01-0004,211.32999999999998
,8.75,old,cd05,,2004-PGM,100,results/original/2004-pgm/blockmap_22_03-0014,1212.75
,7.12,old,cd05,,2004-PGM,97,results/original/2004-pgm/blockmap_22_02-0011,1372.62
0,2.807,new,cd06,72,2004-PGM,27,results/original/2004-pgm/mastermind_05_08_03-0000,6.22
,,new,cd05,164,2004-PGM,82,results/original/2004-pgm/blockmap_20_01-0006,198.47
1.30307e-06,3.18,old,sbk05,,2004-PGM,31,results/original/2004-pgm/mastermind_06_08_03-0013,6.53
,,new,cd06,,2004-PGM,95,results/original/2004-pgm/blockmap_22_01-0004,417.93
0.1483818,1.32,old,bklm16,,2004-PGM,62,results/original/2004-pgm/blockmap_15_03-0005,375.74
,,new,cd06,174,2004-PGM,85,results/original/2004-pgm/blockmap_20_02-0008,231.67000000000002
0,0.864,new,d02,31,2004-PGM,27,results/original/2004-pgm/mastermind_05_08_03-0000,6.18
0,77.164,new,d02,74,2004-PGM,58,results/original/2004-pgm/blockmap_15_01-0015,50.97
0,3.924,new,cd05,72,2004-PGM,27,results/original/2004-pgm/mastermind_05_08_03-0000,6.78
1.9541e-21,0.07,old,sbk05,,2004-PGM,31,results/original/2004-pgm/mastermind_06_08_03-0008,5.95
0.0666667,55.649,new,cw,70,2004-PGM,58,results/original/2004-pgm/blockmap_15_01-0015,18.49
0,15.166,new,d02,56,2004-PGM,45,results/original/2004-pgm/blockmap_10_02-0002,15.09
0.045454545454545484,10.47,old,cd06,,2004-PGM,95,results/original/2004-pgm/blockmap_22_01-0012,178.44
5.368709120000015E-19,2.9,old,cd06,,2004-PGM,27,results/original/2004-pgm/mastermind_05_08_03-0006,4.7
,1177.87,old,sbk05,,2004-PGM,97,results/original/2004-pgm/blockmap_22_02-0011,409.96
,,new,bklm16,158,2004-PGM,85,results/original/2004-pgm/blockmap_20_02-0000,134.34
,,new,cd05,,2004-PGM,100,results/original/2004-pgm/blockmap_22_03-0014,472.34000000000003
0,376.369,new,cd06,116,2004-PGM,60,results/original/2004-pgm/blockmap_15_02-0009,44.3
2.8242953648100053E-16,3.4,old,cd05,,2004-PGM,47,results/original/2004-pgm/mastermind_10_08_03-0003,10.26
0.00390625,67.93,new,cw,74,2004-PGM,60,results/original/2004-pgm/blockmap_15_02-0009,13.9
0,3.767,new,d02,56,2004-PGM,47,results/original/2004-pgm/mastermind_10_08_03-0003,7.65
0.003472222222222224,4.5,old,cd05,,2004-PGM,48,results/original/2004-pgm/blockmap_10_03-0015,26.27
0.00347222,145.82999999999998,old,sbk05,,2004-PGM,48,results/original/2004-pgm/blockmap_10_03-0015,16.92
1.079796998164345E-4,9.21,old,cd06,,2004-PGM,88,results/original/2004-pgm/blockmap_20_03-0010,65.12
0.8451200000000014,4.16,old,d02,,2004-PGM,27,results/original/2004-pgm/mastermind_05_08_03-0000,12.44
0.0666666666666667,5.71,old,d02,,2004-PGM,58,results/original/2004-pgm/blockmap_15_01-0015,58.87
0.05,369.846,new,cw,84,2004-PGM,82,results/original/2004-pgm/blockmap_20_01-0006,94.49000000000001
0.0138889,1063.86,old,sbk05,,2004-PGM,48,results/original/2004-pgm/blockmap_10_03-0014,17.79
0.06666666,0.38,old,bklm16,,2004-PGM,58,results/original/2004-pgm/blockmap_15_01-0015,313.34
0.013888888888888895,4.62,old,cd05,,2004-PGM,48,results/original/2004-pgm/blockmap_10_03-0014,54.76
0,0.866,new,cw,32,2004-PGM,27,results/original/2004-pgm/mastermind_05_08_03-0006,0.57
0,1.193,new,cd05,48,2004-PGM,19,results/original/2004-pgm/blockmap_05_03-0013,4.42
0,1.386,new,d02,35,2004-PGM,27,results/original/2004-pgm/mastermind_05_08_03-0006,5.94
0.05247806,0.23,old,bklm16,,2004-PGM,19,results/original/2004-pgm/blockmap_05_03-0013,33.26
,,new,bklm16,236,2004-PGM,31,results/original/2004-pgm/mastermind_06_08_03-0008,0.69
,,new,cw,100,2004-PGM,97,results/original/2004-pgm/blockmap_22_02-0011,261.56
,,new,bklm16,191,2004-PGM,27,results/original/2004-pgm/mastermind_05_08_03-0006,0.78
1.30306692760023E-6,3.52,old,cd06,,2004-PGM,31,results/original/2004-pgm/mastermind_06_08_03-0013,14.06
,,new,cd06,,2004-PGM,100,results/original/2004-pgm/blockmap_22_03-0014,428.09
0.003472222222222224,4.38,old,cd06,,2004-PGM,48,results/original/2004-pgm/blockmap_10_03-0015,17.57
0.049999999999999996,8.95,old,cd05,,2004-PGM,82,results/original/2004-pgm/blockmap_20_01-0006,56.56
4.931371743239917E-4,11.63,old,d02,,2004-PGM,100,results/original/2004-pgm/blockmap_22_03-0014,1111.19
0.003906249999999999,6.76,old,cd06,,2004-PGM,60,results/original/2004-pgm/blockmap_15_02-0009,23.36
,,new,cd06,212,2004-PGM,95,results/original/2004-pgm/blockmap_22_01-0012,356.29
0,7.846,new,d02,53,2004-PGM,45,results/original/2004-pgm/blockmap_10_01-0015,16.2
0.8451200000000021,3.88,old,cd05,,2004-PGM,27,results/original/2004-pgm/mastermind_05_08_03-0000,15.42
,,new,cd05,,2004-PGM,97,results/original/2004-pgm/blockmap_22_02-0011,318.39
0.00694444,14.586,new,cw,57,2004-PGM,45,results/original/2004-pgm/blockmap_10_02-0002,5.0
0,446.909,new,d02,84,2004-PGM,85,results/original/2004-pgm/blockmap_20_02-0000,207.96
0,489.114,new,sbk05,83,2004-PGM,82,results/original/2004-pgm/blockmap_20_01-0006,178.71
,0.2,old,bklm16,,2004-PGM,95,results/original/2004-pgm/blockmap_22_01-0012,1454.3
0,3.614,new,cd05,83,2004-PGM,31,results/original/2004-pgm/mastermind_06_08_03-0013,6.57
4.931371743239917E-4,11.68,old,cd06,,2004-PGM,100,results/original/2004-pgm/blockmap_22_03-0014,201.64
1.9540975278572664E-21,2.95,old,cd05,,2004-PGM,31,results/original/2004-pgm/mastermind_06_08_03-0008,7.12
0,1.246,new,sbk05,35,2004-PGM,27,results/original/2004-pgm/mastermind_05_08_03-0006,6.1
0.000493137,1026.84,new,cw,100,2004-PGM,100,results/original/2004-pgm/blockmap_22_03-0014,236.15
5.368709120000015E-19,2.86,old,cd05,,2004-PGM,27,results/original/2004-pgm/mastermind_05_08_03-0006,5.22
3.384873e-22,0.65,old,bklm16,,2004-PGM,38,results/original/2004-pgm/mastermind_03_08_05-0006,119.71000000000001
3.384882032909457E-22,3.63,old,cd05,,2004-PGM,38,results/original/2004-pgm/mastermind_03_08_05-0006,8.02
5.368709120000015E-19,2.97,old,d02,,2004-PGM,27,results/original/2004-pgm/mastermind_05_08_03-0006,5.52
1.3030669276002298E-6,4.72,old,d02,,2004-PGM,31,results/original/2004-pgm/mastermind_06_08_03-0013,15.54
0,6.134,new,cd06,84,2004-PGM,36,results/original/2004-pgm/mastermind_04_08_04-0006,8.74
9.279272e-07,1.13,old,bklm16,,2004-PGM,24,results/original/2004-pgm/mastermind_04_08_03-0012,76.42
,,new,cd05,168,2004-PGM,85,results/original/2004-pgm/blockmap_20_02-0008,189.95
0.00010798,0.32,old,sbk05,,2004-PGM,88,results/original/2004-pgm/blockmap_20_03-0010,171.5
0,89.308,new,d02,73,2004-PGM,62,results/original/2004-pgm/blockmap_15_03-0005,38.61
1.9540975278572664E-21,2.91,old,d02,,2004-PGM,31,results/original/2004-pgm/mastermind_06_08_03-0008,5.88
0,460.759,new,sbk05,86,2004-PGM,85,results/original/2004-pgm/blockmap_20_02-0000,160.81
,1470.66,old,sbk05,,2004-PGM,95,results/original/2004-pgm/blockmap_22_01-0004,357.0
0.09090909090909094,4.28,old,d02,,2004-PGM,45,results/original/2004-pgm/blockmap_10_01-0015,14.2
,,new,bklm16,71,2004-PGM,45,results/original/2004-pgm/blockmap_10_01-0015,5.02
,,new,bklm16,187,2004-PGM,27,results/original/2004-pgm/mastermind_05_08_03-0000,0.76
0,896.827,new,d02,96,2004-PGM,97,results/original/2004-pgm/blockmap_22_02-0011,360.04
0,368.802,new,cd06,126,2004-PGM,62,results/original/2004-pgm/blockmap_15_03-0005,37.97
0.48999999999999994,8.94,old,cd06,,2004-PGM,85,results/original/2004-pgm/blockmap_20_02-0000,162.2
1.3030669276002298E-6,3.77,old,cd05,,2004-PGM,31,results/original/2004-pgm/mastermind_06_08_03-0013,20.39
0,33.982,new,cd06,96,2004-PGM,45,results/original/2004-pgm/blockmap_10_01-0015,15.04
0,5.887,new,d02,43,2004-PGM,38,results/original/2004-pgm/mastermind_03_08_05-0006,8.9
0.05247813411078718,2.65,old,cd05,,2004-PGM,19,results/original/2004-pgm/blockmap_05_03-0013,5.94
0.0138889,15.761,new,cw,56,2004-PGM,48,results/original/2004-pgm/blockmap_10_03-0014,5.01
0,436.843,new,d02,83,2004-PGM,85,results/original/2004-pgm/blockmap_20_02-0008,229.63
,1175.9,old,sbk05,,2004-PGM,95,results/original/2004-pgm/blockmap_22_01-0012,261.27
0.003906249999999999,6.07,old,d02,,2004-PGM,60,results/original/2004-pgm/blockmap_15_02-0009,23.13
0,6.02,new,cd06,77,2004-PGM,31,results/original/2004-pgm/mastermind_06_08_03-0013,8.06
0,121.385,new,sbk05,69,2004-PGM,62,results/original/2004-pgm/blockmap_15_03-0005,57.91
0,0.816,new,sbk05,28,2004-PGM,24,results/original/2004-pgm/mastermind_04_08_03-0012,4.82
0.003906242,0.48,old,bklm16,,2004-PGM,60,results/original/2004-pgm/blockmap_15_02-0009,566.06
,0.22,old,bklm16,,2004-PGM,97,results/original/2004-pgm/blockmap_22_02-0011,1511.98
0.0666666666666667,5.78,old,cd05,,2004-PGM,58,results/original/2004-pgm/blockmap_15_01-0015,41.38
0,113.496,new,d02,68,2004-PGM,60,results/original/2004-pgm/blockmap_15_02-0009,44.31
0.09090909090909094,4.17,old,cd06,,2004-PGM,45,results/original/2004-pgm/blockmap_10_01-0015,13.68
0.49,501.194,new,cw,87,2004-PGM,85,results/original/2004-pgm/blockmap_20_02-0000,90.03
0,13.645,new,d02,56,2004-PGM,48,results/original/2004-pgm/blockmap_10_03-0015,16.91
,,new,bklm16,129,2004-PGM,38,results/original/2004-pgm/mastermind_03_08_05-0006,2.45
,0.08,old,bklm16,,2004-PGM,100,results/original/2004-pgm/blockmap_22_03-0014,1378.75
0.003472218,0.34,old,bklm16,,2004-PGM,48,results/original/2004-pgm/blockmap_10_03-0015,184.02
0,12.367,new,cd05,89,2004-PGM,38,results/original/2004-pgm/mastermind_03_08_05-0006,8.66
0,10.55,new,cd05,96,2004-PGM,47,results/original/2004-pgm/mastermind_10_08_03-0003,9.45
1.30307e-06,21.017,new,cw,37,2004-PGM,31,results/original/2004-pgm/mastermind_06_08_03-0013,0.56
0.0524781,0.25,new,cw,24,2004-PGM,19,results/original/2004-pgm/blockmap_05_03-0013,0.24
0,1.082,new,sbk05,37,2004-PGM,31,results/original/2004-pgm/mastermind_06_08_03-0013,6.47
,,new,bklm16,89,2004-PGM,58,results/original/2004-pgm/blockmap_15_01-0015,17.02
2.11758e-22,0.07,old,sbk05,,2004-PGM,36,results/original/2004-pgm/mastermind_04_08_04-0006,7.82
0,446.011,new,sbk05,83,2004-PGM,85,results/original/2004-pgm/blockmap_20_02-0008,257.91
0.0069444444444444415,4.65,old,cd06,,2004-PGM,45,results/original/2004-pgm/blockmap_10_02-0002,9.42
0,0.522,new,sbk05,24,2004-PGM,19,results/original/2004-pgm/blockmap_05_03-0013,4.2
0.148382,76.562,new,cw,74,2004-PGM,62,results/original/2004-pgm/blockmap_15_03-0005,15.34
2.117582368135754E-22,3.8,old,d02,,2004-PGM,36,results/original/2004-pgm/mastermind_04_08_04-0006,8.68
2.8243e-16,1.4,old,sbk05,,2004-PGM,47,results/original/2004-pgm/mastermind_10_08_03-0003,7.17
0.0500002,0.74,old,bklm16,,2004-PGM,82,results/original/2004-pgm/blockmap_20_01-0006,1604.1
0,12.216,new,cd06,89,2004-PGM,38,results/original/2004-pgm/mastermind_03_08_05-0006,9.09
0.7727272727272725,10.45,old,cd06,,2004-PGM,95,results/original/2004-pgm/blockmap_22_01-0004,242.88
2.117572e-22,0.25,old,bklm16,,2004-PGM,36,results/original/2004-pgm/mastermind_04_08_04-0006,76.69
0,1.065,new,d02,26,2004-PGM,24,results/original/2004-pgm/mastermind_04_08_03-0012,5.35
0,13.379,new,sbk05,58,2004-PGM,48,results/original/2004-pgm/blockmap_10_03-0015,13.68
0.013888888888888895,4.63,old,cd06,,2004-PGM,48,results/original/2004-pgm/blockmap_10_03-0014,17.67
1.9169370454317106E-8,1.98,old,d02,,2005-IJCAI,5,results/original/2005-ijcai/hailfinder-0012,1428.35
8.273205577497343E10,2.24,old,cd05,,2005-IJCAI,11,results/original/2005-ijcai/water-0013,3.54
Inf,3.18,old,cd05,,2005-IJCAI,9,results/original/2005-ijcai/munin4-0009,7.29
4.631782770509007E136,10.85,old,d02,,2005-IJCAI,12,results/original/2005-ijcai/munin1-0012,1375.32
0,78.647,new,cd06,44,2005-IJCAI,8,results/original/2005-ijcai/munin2-0006,6.92
0,0.541,new,d02,24,2005-IJCAI,19,results/original/2005-ijcai/blockmap_05_03-0005,4.13
0,404.923,new,d02,45,2005-IJCAI,9,results/original/2005-ijcai/munin4-0001,7.26
0,9.76,new,cd06,55,2005-IJCAI,12,results/original/2005-ijcai/munin1-0001,3.16
,2.94,old,cd05,,2005-IJCAI,9,results/original/2005-ijcai/munin4-0015,2.96
,,new,sbk05,224,2005-IJCAI,5,results/original/2005-ijcai/mildew-0004,7.87
0,1.97,new,sbk05,24,2005-IJCAI,5,results/original/2005-ijcai/hailfinder-0012,2.45
0,197.677,new,d02,38,2005-IJCAI,8,results/original/2005-ijcai/munin2-0005,7.1
,,new,cd05,224,2005-IJCAI,5,results/original/2005-ijcai/mildew-0004,8.69
Inf,3.48,old,cd05,,2005-IJCAI,8,results/original/2005-ijcai/munin3-0007,7.26
0.4015913,0.32,old,bklm16,,2005-IJCAI,20,results/original/2005-ijcai/students_03_02-0013,10.7
,0.2,old,bklm16,,2005-IJCAI,11,results/original/2005-ijcai/water-0008,0.44
,,new,bklm16,51,2005-IJCAI,19,results/original/2005-ijcai/blockmap_05_03-0005,0.53
7.74035e-39,0.48,old,sbk05,,2005-IJCAI,9,results/original/2005-ijcai/munin4-0009,6.9
,,new,cw,37,2005-IJCAI,8,results/original/2005-ijcai/munin3-0013,3.53
2.6976965526719993E-4,1.67,old,cd05,,2005-IJCAI,5,results/original/2005-ijcai/alarm-0001,2.3
,1487.64,old,sbk05,,2005-IJCAI,8,results/original/2005-ijcai/munin3-0013,6.24
0,174.369,new,cd05,48,2005-IJCAI,9,results/original/2005-ijcai/munin4-0001,10.36
,3.93,old,cd06,,2005-IJCAI,5,results/original/2005-ijcai/diabetes-0015,1509.71
,,new,bklm16,224,2005-IJCAI,5,results/original/2005-ijcai/mildew-0004,0.7
0,0.115,new,cd06,14,2005-IJCAI,5,results/original/2005-ijcai/alarm-0001,2.1
0,0.108,new,cd05,14,2005-IJCAI,5,results/original/2005-ijcai/alarm-0010,1.99
inf,1445.35,new,bklm16,59,2005-IJCAI,12,results/original/2005-ijcai/munin1-0001,0.41
2.697696552672E-4,1.7,old,cd06,,2005-IJCAI,5,results/original/2005-ijcai/alarm-0001,2.22
,1155.44,old,sbk05,,2005-IJCAI,12,results/original/2005-ijcai/munin1-0015,3.39
inf,23.272,new,bklm16,38,2005-IJCAI,11,results/original/2005-ijcai/water-0008,0.42
0,310.074,new,d02,45,2005-IJCAI,9,results/original/2005-ijcai/munin4-0006,7.43
,,new,cw,56,2005-IJCAI,12,results/original/2005-ijcai/munin1-0015,0.94
1.9639686699062746E-43,1.96,old,cd05,,2005-IJCAI,10,results/original/2005-ijcai/tcc4f.obfuscated-0004,2.42
Inf,5.45,old,cd06,,2005-IJCAI,8,results/original/2005-ijcai/munin3-0013,324.33
6.737732495462663E134,13.65,old,d02,,2005-IJCAI,12,results/original/2005-ijcai/munin1-0015,1187.79
0,1.025,new,sbk05,10,2005-IJCAI,10,results/original/2005-ijcai/tcc4f.obfuscated-0004,2.39
,,new,cw,,2005-IJCAI,5,results/original/2005-ijcai/mildew-0004,18.45
0,0.537,new,cd06,44,2005-IJCAI,20,results/original/2005-ijcai/students_03_02-0013,3.63
4.210457070234163E-6,2.37,old,d02,,2005-IJCAI,5,results/original/2005-ijcai/hailfinder-0006,4.98
0,8.237,new,cd05,61,2005-IJCAI,12,results/original/2005-ijcai/munin1-0012,3.37
Inf,8.01,old,cd05,,2005-IJCAI,9,results/original/2005-ijcai/munin4-0006,234.09
0,13.83,new,cd06,55,2005-IJCAI,12,results/original/2005-ijcai/munin1-0012,3.28
0.0002644013,0.31,old,bklm16,,2005-IJCAI,5,results/original/2005-ijcai/alarm-0001,1.97
,2.88,old,d02,,2005-IJCAI,9,results/original/2005-ijcai/munin4-0010,2.68
inf,351.669,new,bklm16,37,2005-IJCAI,8,results/original/2005-ijcai/munin3-0007,0.85
0,193.946,new,cd05,38,2005-IJCAI,8,results/original/2005-ijcai/munin3-0007,6.09
,1577.2,old,sbk05,,2005-IJCAI,12,results/original/2005-ijcai/munin1-0010,3.46
,0.2,old,bklm16,,2005-IJCAI,12,results/original/2005-ijcai/munin1-0001,0.42
0,1.191,new,sbk05,10,2005-IJCAI,10,results/original/2005-ijcai/tcc4f.obfuscated-0012,2.57
inf,25.229,new,bklm16,38,2005-IJCAI,11,results/original/2005-ijcai/water-0013,0.44
4.04543e-07,0.06,old,sbk05,,2005-IJCAI,20,results/original/2005-ijcai/students_03_02-0008,3.08
9.69378e-45,0.75,old,sbk05,,2005-IJCAI,8,results/original/2005-ijcai/munin2-0006,6.28
,0.21,old,bklm16,,2005-IJCAI,8,results/original/2005-ijcai/munin2-0005,0.81
0,240.065,new,sbk05,38,2005-IJCAI,8,results/original/2005-ijcai/munin2-0006,6.5
0,0.22,new,sbk05,12,2005-IJCAI,5,results/original/2005-ijcai/alarm-0010,2.05
inf,339.964,new,bklm16,48,2005-IJCAI,9,results/original/2005-ijcai/munin4-0009,0.93
1.23033e-19,37.02,old,sbk05,,2005-IJCAI,8,results/original/2005-ijcai/munin3-0007,5.79
7.409330797974381E11,1.98,old,cd05,,2005-IJCAI,11,results/original/2005-ijcai/water-0008,2.82
,2.85,old,d02,,2005-IJCAI,9,results/original/2005-ijcai/munin4-0015,3.25
,1276.44,old,sbk05,,2005-IJCAI,5,results/original/2005-ijcai/diabetes-0015,12.57
0,150.295,new,cd05,47,2005-IJCAI,9,results/original/2005-ijcai/munin4-0006,7.22
4.3262e-12,93.6,old,sbk05,,2005-IJCAI,12,results/original/2005-ijcai/munin1-0001,3.21
,2.71,old,cd06,,2005-IJCAI,9,results/original/2005-ijcai/munin4-0010,2.87
5.322237470967013E-4,2.11,old,cd05,,2005-IJCAI,10,results/original/2005-ijcai/tcc4f.obfuscated-0012,2.84
0,1.835,new,cd05,42,2005-IJCAI,11,results/original/2005-ijcai/pigs-0004,3.44
0,129.752,new,cd06,44,2005-IJCAI,9,results/original/2005-ijcai/munin4-0009,7.17
0,5.063,new,d02,33,2005-IJCAI,11,results/original/2005-ijcai/pigs-0004,3.53
0.013061216203668635,1.87,old,cd05,,2005-IJCAI,5,results/original/2005-ijcai/alarm-0010,2.54
Inf,3.1,old,cd06,,2005-IJCAI,9,results/original/2005-ijcai/munin4-0009,6.63
,,new,d02,67,2005-IJCAI,5,results/original/2005-ijcai/diabetes-0015,13.72
,0.21,old,bklm16,,2005-IJCAI,10,results/original/2005-ijcai/tcc4f.obfuscated-0012,1278.54
0,164.646,new,cd06,43,2005-IJCAI,8,results/original/2005-ijcai/munin3-0013,8.09
4.210457070234162E-6,2.33,old,cd06,,2005-IJCAI,5,results/original/2005-ijcai/hailfinder-0006,2.8
,0.22,old,bklm16,,2005-IJCAI,8,results/original/2005-ijcai/munin3-0013,0.89
1.9169370454317106E-8,2.27,old,cd06,,2005-IJCAI,5,results/original/2005-ijcai/hailfinder-0012,3.0
Inf,5.26,old,d02,,2005-IJCAI,8,results/original/2005-ijcai/munin2-0005,312.79
0,276.669,new,d02,37,2005-IJCAI,8,results/original/2005-ijcai/munin3-0007,6.91
inf,301.871,new,bklm16,37,2005-IJCAI,8,results/original/2005-ijcai/munin3-0013,0.85
0.4015913795918368,2.23,old,d02,,2005-IJCAI,20,results/original/2005-ijcai/students_03_02-0013,3.75
0,1,new,cd06,20,2005-IJCAI,10,results/original/2005-ijcai/tcc4f.obfuscated-0004,2.24
0,417.91,new,d02,45,2005-IJCAI,9,results/original/2005-ijcai/munin4-0010,7.71
0,363.685,new,d02,45,2005-IJCAI,9,results/original/2005-ijcai/munin4-0009,7.81
inf,437.379,new,bklm16,38,2005-IJCAI,8,results/original/2005-ijcai/munin2-0005,0.86
0,0.29,new,d02,12,2005-IJCAI,5,results/original/2005-ijcai/alarm-0001,2.11
,,new,cw,44,2005-IJCAI,11,results/original/2005-ijcai/water-0013,0.82
4.6317827705090055E136,14.13,old,cd05,,2005-IJCAI,12,results/original/2005-ijcai/munin1-0012,823.62
0,363.634,new,sbk05,38,2005-IJCAI,8,results/original/2005-ijcai/munin2-0005,5.75
0,335.362,new,sbk05,37,2005-IJCAI,8,results/original/2005-ijcai/munin3-0013,6.67
2.697696552672E-4,2.07,old,d02,,2005-IJCAI,5,results/original/2005-ijcai/alarm-0001,2.93
0,227.932,new,cd05,48,2005-IJCAI,9,results/original/2005-ijcai/munin4-0015,6.66
,1.92,old,d02,,2005-IJCAI,11,results/original/2005-ijcai/pigs-0004,2.2
,0.21,old,bklm16,,2005-IJCAI,8,results/original/2005-ijcai/munin2-0006,0.79
2.43557e-28,63.75,old,sbk05,,2005-IJCAI,8,results/original/2005-ijcai/munin2-0005,6.51
0,1.052,new,cd05,22,2005-IJCAI,10,results/original/2005-ijcai/tcc4f.obfuscated-0012,2.54
,,new,cw,56,2005-IJCAI,12,results/original/2005-ijcai/munin1-0001,0.69
0.4015913795918367,2.37,old,cd05,,2005-IJCAI,20,results/original/2005-ijcai/students_03_02-0013,4.11
0,2.714,new,cd06,30,2005-IJCAI,5,results/original/2005-ijcai/hailfinder-0012,2.4
5.322237470967013E-4,2.06,old,cd06,,2005-IJCAI,10,results/original/2005-ijcai/tcc4f.obfuscated-0012,3.16
0,8.142,new,d02,38,2005-IJCAI,11,results/original/2005-ijcai/water-0008,3.0
Inf,2.45,old,cd06,,2005-IJCAI,8,results/original/2005-ijcai/munin2-0006,6.65
1.9639686699062746E-43,1.86,old,cd06,,2005-IJCAI,10,results/original/2005-ijcai/tcc4f.obfuscated-0004,2.83
,0.2,old,bklm16,,2005-IJCAI,9,results/original/2005-ijcai/munin4-0001,0.95
0,11.71,new,cd06,38,2005-IJCAI,11,results/original/2005-ijcai/water-0013,2.6
Inf,3.68,old,cd06,,2005-IJCAI,9,results/original/2005-ijcai/munin4-0001,9.42
0,4.863,new,d02,10,2005-IJCAI,10,results/original/2005-ijcai/tcc4f.obfuscated-0012,2.89
0,0.812,new,d02,23,2005-IJCAI,19,results/original/2005-ijcai/mastermind_03_08_03-0011,4.55
0,123.247,new,cd06,43,2005-IJCAI,8,results/original/2005-ijcai/munin3-0007,7.37
,,new,bklm16,124,2005-IJCAI,5,results/original/2005-ijcai/alarm-0001,0.28
0,390.66,new,sbk05,45,2005-IJCAI,9,results/original/2005-ijcai/munin4-0001,8.88
0,12.206,new,cd05,62,2005-IJCAI,12,results/original/2005-ijcai/munin1-0010,2.97
,,new,cw,45,2005-IJCAI,9,results/original/2005-ijcai/munin4-0010,2.39
,,new,bklm16,986,2005-IJCAI,10,results/original/2005-ijcai/tcc4f.obfuscated-0004,0.32
0,3.294,new,sbk05,39,2005-IJCAI,11,results/original/2005-ijcai/pigs-0004,3.06
,,new,cw,48,2005-IJCAI,9,results/original/2005-ijcai/munin4-0006,3.27
2.7674259112743664E140,2.99,old,d02,,2005-IJCAI,12,results/original/2005-ijcai/munin1-0001,19.0
6.737732495462663E134,16.57,old,cd06,,2005-IJCAI,12,results/original/2005-ijcai/munin1-0015,696.95
2.5214375158917054E-6,3.14,old,cd05,,2005-IJCAI,5,results/original/2005-ijcai/mildew-0004,350.42
0,0.244,new,d02,25,2005-IJCAI,20,results/original/2005-ijcai/students_03_02-0008,2.69
,,new,cw,62,2005-IJCAI,12,results/original/2005-ijcai/munin1-0010,0.92
0,634.694,new,cw,44,2005-IJCAI,11,results/original/2005-ijcai/water-0008,0.79
2.7674259112743664E140,2.46,old,cd06,,2005-IJCAI,12,results/original/2005-ijcai/munin1-0001,3.87
7.409330797974381E11,2.08,old,cd06,,2005-IJCAI,11,results/original/2005-ijcai/water-0008,3.11
6.737732495462666E134,15.89,old,cd05,,2005-IJCAI,12,results/original/2005-ijcai/munin1-0015,740.91
,0.17,old,bklm16,,2005-IJCAI,9,results/original/2005-ijcai/munin4-0009,0.87
1.96397e-43,0.08,old,sbk05,,2005-IJCAI,10,results/original/2005-ijcai/tcc4f.obfuscated-0004,2.68
0,0.108,new,cd05,14,2005-IJCAI,5,results/original/2005-ijcai/alarm-0001,2.02
,,new,cw,91,2005-IJCAI,5,results/original/2005-ijcai/alarm-0001,0.25
,,new,bklm16,124,2005-IJCAI,5,results/original/2005-ijcai/alarm-0010,0.27
,,new,bklm16,985,2005-IJCAI,10,results/original/2005-ijcai/tcc4f.obfuscated-0012,0.32
4.631782770509007E136,12.2,old,cd06,,2005-IJCAI,12,results/original/2005-ijcai/munin1-0012,525.06
0,6.037,new,cd05,37,2005-IJCAI,11,results/original/2005-ijcai/water-0013,3.11
,,new,cd06,228,2005-IJCAI,5,results/original/2005-ijcai/mildew-0012,8.29
0.364431,0.35,old,sbk05,,2005-IJCAI,19,results/original/2005-ijcai/blockmap_05_03-0005,4.28
4.0454320987654356E-7,2.24,old,cd06,,2005-IJCAI,20,results/original/2005-ijcai/students_03_02-0008,2.99
0,5.947,new,d02,38,2005-IJCAI,11,results/original/2005-ijcai/water-0013,3.01
,0.16,old,bklm16,,2005-IJCAI,5,results/original/2005-ijcai/hailfinder-0012,1051.68
,,new,bklm16,59,2005-IJCAI,12,results/original/2005-ijcai/munin1-0015,0.44
8.27320557749734E10,2.33,old,cd06,,2005-IJCAI,11,results/original/2005-ijcai/water-0013,3.41
0.000532223,1.28,old,sbk05,,2005-IJCAI,10,results/original/2005-ijcai/tcc4f.obfuscated-0012,2.5
0,118.305,new,cd05,38,2005-IJCAI,8,results/original/2005-ijcai/munin3-0013,6.49
0,24.167,new,d02,59,2005-IJCAI,12,results/original/2005-ijcai/munin1-0015,3.54
0,225.827,new,d02,37,2005-IJCAI,8,results/original/2005-ijcai/munin3-0013,6.91
inf,487.575,new,bklm16,45,2005-IJCAI,9,results/original/2005-ijcai/munin4-0006,256.63
,,new,bklm16,190,2005-IJCAI,20,results/original/2005-ijcai/students_03_02-0008,0.35
,,new,bklm16,72,2005-IJCAI,5,results/original/2005-ijcai/diabetes-0015,1.39
,2.85,old,cd05,,2005-IJCAI,9,results/original/2005-ijcai/munin4-0010,3.01
4.809008e-06,0.51,old,bklm16,,2005-IJCAI,19,results/original/2005-ijcai/mastermind_03_08_03-0011,50.65
0,60.719,new,sbk05,63,2005-IJCAI,12,results/original/2005-ijcai/munin1-0010,3.2
0.0128013,0.46,old,bklm16,,2005-IJCAI,5,results/original/2005-ijcai/alarm-0010,2.09
Inf,4.72,old,d02,,2005-IJCAI,8,results/original/2005-ijcai/munin3-0013,1245.28
0,6.031,new,cd06,30,2005-IJCAI,5,results/original/2005-ijcai/hailfinder-0006,2.37
,,new,cw,45,2005-IJCAI,9,results/original/2005-ijcai/munin4-0015,2.62
0,94.125,new,cd05,39,2005-IJCAI,8,results/original/2005-ijcai/munin2-0005,6.06
0,0.764,new,cd06,20,2005-IJCAI,10,results/original/2005-ijcai/tcc4f.obfuscated-0012,2.53
,,new,d02,,2005-IJCAI,5,results/original/2005-ijcai/mildew-0012,10.06
,,new,cd06,228,2005-IJCAI,5,results/original/2005-ijcai/mildew-0004,8.28
0.00026977,0.17,old,sbk05,,2005-IJCAI,5,results/original/2005-ijcai/alarm-0001,1.98
0,0.158,new,sbk05,23,2005-IJCAI,20,results/original/2005-ijcai/students_03_02-0008,3.24
0,243.256,new,d02,38,2005-IJCAI,8,results/original/2005-ijcai/munin2-0006,7.33
0.401591,0.147,new,cw,30,2005-IJCAI,20,results/original/2005-ijcai/students_03_02-0013,0.34
0,9.834,new,sbk05,38,2005-IJCAI,11,results/original/2005-ijcai/water-0013,2.75
0,11.961,new,cd06,55,2005-IJCAI,12,results/original/2005-ijcai/munin1-0010,3.15
0,388.812,new,sbk05,37,2005-IJCAI,8,results/original/2005-ijcai/munin3-0007,6.45
2.480526995460828E144,2.78,old,cd06,,2005-IJCAI,12,results/original/2005-ijcai/munin1-0010,5.32
,,new,cw,38,2005-IJCAI,8,results/original/2005-ijcai/munin2-0005,3.37
0.000532223,0.063,new,cw,10,2005-IJCAI,10,results/original/2005-ijcai/tcc4f.obfuscated-0012,0.33
1.31371e-16,12.97,old,sbk05,,2005-IJCAI,9,results/original/2005-ijcai/munin4-0010,6.8
0,371.211,new,sbk05,45,2005-IJCAI,9,results/original/2005-ijcai/munin4-0010,9.35
0,210.859,new,cd06,44,2005-IJCAI,9,results/original/2005-ijcai/munin4-0001,8.77
,,new,bklm16,662,2005-IJCAI,5,results/original/2005-ijcai/hailfinder-0012,0.29
5.322237470967014E-4,2.99,old,d02,,2005-IJCAI,10,results/original/2005-ijcai/tcc4f.obfuscated-0012,20.43
,0.21,old,bklm16,,2005-IJCAI,12,results/original/2005-ijcai/munin1-0012,0.41
0,0.224,new,sbk05,12,2005-IJCAI,5,results/original/2005-ijcai/alarm-0001,2.22
4.0454320987654356E-7,2.28,old,cd05,,2005-IJCAI,20,results/original/2005-ijcai/students_03_02-0008,2.6
0,2.182,new,cd05,46,2005-IJCAI,19,results/original/2005-ijcai/mastermind_03_08_03-0011,4.76
0,38.405,new,sbk05,62,2005-IJCAI,12,results/original/2005-ijcai/munin1-0012,3.42
,,new,d02,,2005-IJCAI,5,results/original/2005-ijcai/mildew-0004,9.68
0,126.929,new,cw,39,2005-IJCAI,11,results/original/2005-ijcai/pigs-0004,0.6
0.3644312,0.25,old,bklm16,,2005-IJCAI,19,results/original/2005-ijcai/blockmap_05_03-0005,35.74
,2.02,old,cd05,,2005-IJCAI,11,results/original/2005-ijcai/pigs-0004,2.1
inf,1218.85,new,bklm16,56,2005-IJCAI,12,results/original/2005-ijcai/munin1-0012,0.42
,,new,cw,38,2005-IJCAI,8,results/original/2005-ijcai/munin2-0006,3.48
,0.16,old,bklm16,,2005-IJCAI,12,results/original/2005-ijcai/munin1-0015,0.42
,3.29,old,d02,,2005-IJCAI,5,results/original/2005-ijcai/diabetes-0015,1178.79
4.21046e-06,84.366,new,cw,31,2005-IJCAI,5,results/original/2005-ijcai/hailfinder-0006,0.38
0,11.751,new,cd05,25,2005-IJCAI,5,results/original/2005-ijcai/hailfinder-0012,2.33
Inf,3.17,old,cd06,,2005-IJCAI,8,results/original/2005-ijcai/munin3-0007,7.25
,,new,cw,,2005-IJCAI,5,results/original/2005-ijcai/diabetes-0015,10.86
,,new,cw,56,2005-IJCAI,12,results/original/2005-ijcai/munin1-0012,0.95
0,0.659,new,cd05,20,2005-IJCAI,10,results/original/2005-ijcai/tcc4f.obfuscated-0004,2.5
,1131.1,old,sbk05,,2005-IJCAI,5,results/original/2005-ijcai/mildew-0004,10.11
0.00689434,2.87,old,sbk05,,2005-IJCAI,11,results/original/2005-ijcai/water-0013,2.57
,1540.21,old,sbk05,,2005-IJCAI,9,results/original/2005-ijcai/munin4-0001,7.14
Inf,3.44,old,cd05,,2005-IJCAI,9,results/original/2005-ijcai/munin4-0001,7.88
0.013061216203668635,1.69,old,cd06,,2005-IJCAI,5,results/original/2005-ijcai/alarm-0010,2.81
inf,616.666,new,bklm16,45,2005-IJCAI,9,results/original/2005-ijcai/munin4-0015,0.79
0,2.55,new,cd06,47,2005-IJCAI,19,results/original/2005-ijcai/mastermind_03_08_03-0011,4.49
Inf,5.48,old,d02,,2005-IJCAI,9,results/original/2005-ijcai/munin4-0001,764.29
0,3.439,new,d02,24,2005-IJCAI,5,results/original/2005-ijcai/hailfinder-0006,2.7
4.210464e-06,36.14,old,bklm16,,2005-IJCAI,5,results/original/2005-ijcai/hailfinder-0006,80.44
4.809015434160776E-6,2.74,old,cd05,,2005-IJCAI,19,results/original/2005-ijcai/mastermind_03_08_03-0011,5.94
0,26.402,new,cd05,38,2005-IJCAI,11,results/original/2005-ijcai/water-0008,2.75
1.916937045431711E-8,2.5,old,cd05,,2005-IJCAI,5,results/original/2005-ijcai/hailfinder-0012,2.76
2.5214375158917067E-6,3.25,old,cd06,,2005-IJCAI,5,results/original/2005-ijcai/mildew-0004,147.71
,3.13,old,cd05,,2005-IJCAI,5,results/original/2005-ijcai/diabetes-0015,1550.46
,,new,bklm16,661,2005-IJCAI,5,results/original/2005-ijcai/hailfinder-0006,0.31
0.013061216203668635,2.33,old,d02,,2005-IJCAI,5,results/original/2005-ijcai/alarm-0010,4.89
,0.21,old,bklm16,,2005-IJCAI,9,results/original/2005-ijcai/munin4-0015,0.73
Inf,3.28,old,cd05,,2005-IJCAI,8,results/original/2005-ijcai/munin2-0005,7.21
,,new,cw,45,2005-IJCAI,9,results/original/2005-ijcai/munin4-0009,2.63
4.0454320987654356E-7,2.2,old,d02,,2005-IJCAI,20,results/original/2005-ijcai/students_03_02-0008,3.02
0,85.49,new,cd05,39,2005-IJCAI,8,results/original/2005-ijcai/munin2-0006,6.16
0.36443148688046667,2.62,old,cd05,,2005-IJCAI,19,results/original/2005-ijcai/blockmap_05_03-0005,5.68
0,20.405,new,d02,63,2005-IJCAI,12,results/original/2005-ijcai/munin1-0010,3.47
1.963968669906275E-43,1.88,old,d02,,2005-IJCAI,10,results/original/2005-ijcai/tcc4f.obfuscated-0004,2.44
inf,3.232,new,bklm16,36,2005-IJCAI,11,results/original/2005-ijcai/pigs-0004,0.42
0,56.137,new,sbk05,59,2005-IJCAI,12,results/original/2005-ijcai/munin1-0001,3.2
4.809015434160773E-6,2.98,old,d02,,2005-IJCAI,19,results/original/2005-ijcai/mastermind_03_08_03-0011,5.5
0,10.373,new,cd05,57,2005-IJCAI,12,results/original/2005-ijcai/munin1-0015,3.38
0.364431,0.446,new,cw,24,2005-IJCAI,19,results/original/2005-ijcai/blockmap_05_03-0005,0.51
0.40159137959183683,2.22,old,cd06,,2005-IJCAI,20,results/original/2005-ijcai/students_03_02-0013,3.74
,,new,sbk05,224,2005-IJCAI,5,results/original/2005-ijcai/mildew-0012,8.73
0,14.881,new,cd06,55,2005-IJCAI,12,results/original/2005-ijcai/munin1-0015,3.43
4.80902e-06,0.31,old,sbk05,,2005-IJCAI,19,results/original/2005-ijcai/mastermind_03_08_03-0011,4.52
Inf,3.33,old,cd06,,2005-IJCAI,8,results/original/2005-ijcai/munin2-0005,8.2
0.3644314868804667,2.74,old,cd06,,2005-IJCAI,19,results/original/2005-ijcai/blockmap_05_03-0005,4.81
,0.22,old,bklm16,,2005-IJCAI,11,results/original/2005-ijcai/water-0013,0.62
0,44.537,new,sbk05,56,2005-IJCAI,12,results/original/2005-ijcai/munin1-0015,3.31
4.04543e-07,0.102,new,cw,23,2005-IJCAI,20,results/original/2005-ijcai/students_03_02-0008,0.34
Inf,5.08,old,cd05,,2005-IJCAI,8,results/original/2005-ijcai/munin3-0013,62.52
Inf,3.57,old,d02,,2005-IJCAI,8,results/original/2005-ijcai/munin3-0007,59.37
7.409330797974381E11,2.34,old,d02,,2005-IJCAI,11,results/original/2005-ijcai/water-0008,8.39
0.36443148688046667,2.61,old,d02,,2005-IJCAI,19,results/original/2005-ijcai/blockmap_05_03-0005,3.99
4.04542e-07,0.23,old,bklm16,,2005-IJCAI,20,results/original/2005-ijcai/students_03_02-0008,6.08
,,new,bklm16,195,2005-IJCAI,20,results/original/2005-ijcai/students_03_02-0013,0.33
,0.23,old,bklm16,,2005-IJCAI,12,results/original/2005-ijcai/munin1-0010,0.42
0,0.349,new,d02,12,2005-IJCAI,5,results/original/2005-ijcai/alarm-0010,1.99
Inf,2.58,old,cd05,,2005-IJCAI,8,results/original/2005-ijcai/munin2-0006,5.99
0,1.638,new,cd06,48,2005-IJCAI,19,results/original/2005-ijcai/blockmap_05_03-0005,4.58
0,0.234,new,d02,28,2005-IJCAI,20,results/original/2005-ijcai/students_03_02-0013,3.28
,2.01,old,cd06,,2005-IJCAI,11,results/original/2005-ijcai/pigs-0004,2.12
,,new,bklm16,224,2005-IJCAI,5,results/original/2005-ijcai/mildew-0012,1.0
0,14.802,new,d02,59,2005-IJCAI,12,results/original/2005-ijcai/munin1-0012,3.77
0,0.18,new,sbk05,26,2005-IJCAI,20,results/original/2005-ijcai/students_03_02-0013,3.15
2.767425911274367E140,2.57,old,cd05,,2005-IJCAI,12,results/original/2005-ijcai/munin1-0001,4.0
0.401591,0.1,old,sbk05,,2005-IJCAI,20,results/original/2005-ijcai/students_03_02-0013,3.05
0,0.078,new,cw,10,2005-IJCAI,10,results/original/2005-ijcai/tcc4f.obfuscated-0004,0.43
,,new,cd05,71,2005-IJCAI,5,results/original/2005-ijcai/diabetes-0015,9.6
0.0617444,0.23,old,sbk05,,2005-IJCAI,11,results/original/2005-ijcai/water-0008,2.75
1.91618e-08,118.47,new,cw,31,2005-IJCAI,5,results/original/2005-ijcai/hailfinder-0012,0.39
0,22.072,new,cd05,25,2005-IJCAI,5,results/original/2005-ijcai/hailfinder-0006,2.23
,,new,cd06,67,2005-IJCAI,5,results/original/2005-ijcai/diabetes-0015,10.26
4.809015434160774E-6,2.84,old,cd06,,2005-IJCAI,19,results/original/2005-ijcai/mastermind_03_08_03-0011,5.5
,,new,bklm16,72,2005-IJCAI,19,results/original/2005-ijcai/mastermind_03_08_03-0011,0.55
,1086.34,old,sbk05,,2005-IJCAI,12,results/original/2005-ijcai/munin1-0012,2.99
0,2.516,new,sbk05,27,2005-IJCAI,5,results/original/2005-ijcai/hailfinder-0006,2.42
0,163.888,new,cd05,48,2005-IJCAI,9,results/original/2005-ijcai/munin4-0009,6.77
0,168.194,new,cd05,48,2005-IJCAI,9,results/original/2005-ijcai/munin4-0010,10.49
Inf,3.24,old,d02,,2005-IJCAI,8,results/original/2005-ijcai/munin2-0006,20.01
0,0.088,new,cd06,14,2005-IJCAI,5,results/original/2005-ijcai/alarm-0010,1.9
0,288.859,new,sbk05,45,2005-IJCAI,9,results/original/2005-ijcai/munin4-0009,6.51
0,290.416,new,d02,45,2005-IJCAI,9,results/original/2005-ijcai/munin4-0015,7.32
inf,610.135,new,bklm16,45,2005-IJCAI,9,results/original/2005-ijcai/munin4-0001,0.71
2.5214375158917067E-6,3.11,old,d02,,2005-IJCAI,5,results/original/2005-ijcai/mildew-0004,1370.08
8.273205577497346E10,2.86,old,d02,,2005-IJCAI,11,results/original/2005-ijcai/water-0013,73.83
,0.22,old,bklm16,,2005-IJCAI,11,results/original/2005-ijcai/pigs-0004,0.42
0,0.679,new,cd05,56,2005-IJCAI,20,results/original/2005-ijcai/students_03_02-0013,3.28
,0.21,old,bklm16,,2005-IJCAI,8,results/original/2005-ijcai/munin3-0007,0.62
0,0.454,new,cd06,49,2005-IJCAI,20,results/original/2005-ijcai/students_03_02-0008,3.2
inf,379.331,new,bklm16,38,2005-IJCAI,8,results/original/2005-ijcai/munin2-0006,0.83
,,new,cd05,224,2005-IJCAI,5,results/original/2005-ijcai/mildew-0012,8.91
,,new,cw,45,2005-IJCAI,9,results/original/2005-ijcai/munin4-0001,2.47
0,5.008,new,d02,24,2005-IJCAI,5,results/original/2005-ijcai/hailfinder-0012,2.62
,0.23,old,bklm16,,2005-IJCAI,9,results/original/2005-ijcai/munin4-0010,0.92
,2.8,old,cd06,,2005-IJCAI,9,results/original/2005-ijcai/munin4-0015,2.8
0,204.545,new,cd06,44,2005-IJCAI,9,results/original/2005-ijcai/munin4-0010,6.95
,,new,cw,91,2005-IJCAI,5,results/original/2005-ijcai/alarm-0010,0.28
inf,562.449,new,bklm16,45,2005-IJCAI,9,results/original/2005-ijcai/munin4-0010,0.75
2.8299e-73,0.12,old,sbk05,,2005-IJCAI,11,results/original/2005-ijcai/pigs-0004,3.46
2.4805269954608303E144,7.96,old,d02,,2005-IJCAI,12,results/original/2005-ijcai/munin1-0010,172.13
0,22.419,new,d02,63,2005-IJCAI,12,results/original/2005-ijcai/munin1-0001,3.54
0,0.518,new,sbk05,24,2005-IJCAI,19,results/original/2005-ijcai/blockmap_05_03-0005,4.21
0,13.725,new,cd05,57,2005-IJCAI,12,results/original/2005-ijcai/munin1-0001,3.23
inf,356.028,new,bklm16,56,2005-IJCAI,12,results/original/2005-ijcai/munin1-0010,0.43
4.210457070234164E-6,1.9,old,cd05,,2005-IJCAI,5,results/original/2005-ijcai/hailfinder-0006,2.8
0,1.502,new,cd05,48,2005-IJCAI,19,results/original/2005-ijcai/blockmap_05_03-0005,4.2
Inf,3.23,old,d02,,2005-IJCAI,9,results/original/2005-ijcai/munin4-0009,31.61
0,1.582,new,cd06,36,2005-IJCAI,11,results/original/2005-ijcai/pigs-0004,3.44
0,81.864,new,cd06,44,2005-IJCAI,8,results/original/2005-ijcai/munin2-0005,6.65
1.91694e-08,48.65,old,sbk05,,2005-IJCAI,5,results/original/2005-ijcai/hailfinder-0012,2.39
Inf,8.0,old,cd06,,2005-IJCAI,9,results/original/2005-ijcai/munin4-0006,312.0
,0.22,old,bklm16,,2005-IJCAI,5,results/original/2005-ijcai/diabetes-0015,215.4
0.0130612,0.4,old,sbk05,,2005-IJCAI,5,results/original/2005-ijcai/alarm-0010,2.03
,1309.24,old,sbk05,,2005-IJCAI,9,results/original/2005-ijcai/munin4-0015,6.96
0,173.716,new,cd06,44,2005-IJCAI,9,results/original/2005-ijcai/munin4-0006,6.71
,0.21,old,bklm16,,2005-IJCAI,5,results/original/2005-ijcai/mildew-0004,0.9
0,0.723,new,sbk05,23,2005-IJCAI,19,results/original/2005-ijcai/mastermind_03_08_03-0011,4.72
0,22.552,new,cd06,38,2005-IJCAI,11,results/original/2005-ijcai/water-0008,2.87
,,new,cw,37,2005-IJCAI,8,results/original/2005-ijcai/munin3-0007,2.22
0,114.929,new,cd06,44,2005-IJCAI,9,results/original/2005-ijcai/munin4-0015,8.38
1.963978e-43,0.25,old,bklm16,,2005-IJCAI,10,results/original/2005-ijcai/tcc4f.obfuscated-0004,3.76
0,356.499,new,sbk05,45,2005-IJCAI,9,results/original/2005-ijcai/munin4-0015,6.88
0,16.667,new,sbk05,38,2005-IJCAI,11,results/original/2005-ijcai/water-0008,2.72
0,0.474,new,cd05,51,2005-IJCAI,20,results/original/2005-ijcai/students_03_02-0008,3.01
4.21046e-06,0.24,old,sbk05,,2005-IJCAI,5,results/original/2005-ijcai/hailfinder-0006,2.34
2.480526995460828E144,2.71,old,cd05,,2005-IJCAI,12,results/original/2005-ijcai/munin1-0010,5.29
0,418.539,new,sbk05,48,2005-IJCAI,9,results/original/2005-ijcai/munin4-0006,6.53
4.80902e-06,0.701,new,cw,23,2005-IJCAI,19,results/original/2005-ijcai/mastermind_03_08_03-0011,0.59
,,new,sbk05,67,2005-IJCAI,5,results/original/2005-ijcai/diabetes-0015,11.86
0,5.478,new,d02,10,2005-IJCAI,10,results/original/2005-ijcai/tcc4f.obfuscated-0004,2.91
9.53674e-07,0.012,new,d02,22,2006-IJAR,3,results/original/2006-ijar/fs-01,0.48
,1000.05,old,sbk05,,2006-IJAR,528,results/original/2006-ijar/fs-28,147.57999999999998
,4.21,old,cd05,,2006-IJAR,528,results/original/2006-ijar/fs-28,1048.75
,,new,bklm16,45488,2006-IJAR,528,results/original/2006-ijar/fs-28,166.94
,,new,bklm16,50087,2006-IJAR,560,results/original/2006-ijar/fs-29,204.76
1.3363823550460978E-51,6.58,old,d02,,2006-IJAR,103,results/original/2006-ijar/fs-13,34.0
,,new,bklm16,22141,2006-IJAR,316,results/original/2006-ijar/fs-22,40.84
6.819831532519088E-254,8.01,old,d02,,2006-IJAR,560,results/original/2006-ijar/fs-29,1011.56
0,435.744,new,cw,528,2006-IJAR,528,results/original/2006-ijar/fs-28,110.50999999999999
7.88861e-31,0.13,old,sbk05,,2006-IJAR,69,results/original/2006-ijar/fs-10,3.74
0,15.786,new,cw,172,2006-IJAR,172,results/original/2006-ijar/fs-16,4.67
0,79.201,new,sbk05,244,2006-IJAR,244,results/original/2006-ijar/fs-19,22.88
0,4.902,new,cw,118,2006-IJAR,103,results/original/2006-ijar/fs-13,1.58
0.000488281,0.012,new,sbk05,16,2006-IJAR,3,results/original/2006-ijar/fs-01,0.55
16,0.01,new,bklm16,26,2006-IJAR,3,results/original/2006-ijar/fs-01,0.05
1.7763568394002505E-15,1.42,old,cd05,,2006-IJAR,36,results/original/2006-ijar/fs-07,3.49
0,8.676,new,sbk05,118,2006-IJAR,103,results/original/2006-ijar/fs-13,7.94
7.888609052210118E-31,1.83,old,cd06,,2006-IJAR,69,results/original/2006-ijar/fs-10,6.25
2.764716e-17,0.05,old,bklm16,,2006-IJAR,36,results/original/2006-ijar/fs-07,12.26
0,3.387,new,d02,72,2006-IJAR,69,results/original/2006-ijar/fs-10,4.36
0,45.996,new,cd05,236,2006-IJAR,103,results/original/2006-ijar/fs-13,8.51
9.828413039546407E-237,7.59,old,cd06,,2006-IJAR,528,results/original/2006-ijar/fs-28,93.78999999999999
0,46.931,new,d02,172,2006-IJAR,172,results/original/2006-ijar/fs-16,17.17
8.636168555094445E-78,28.65,old,d02,,2006-IJAR,172,results/original/2006-ijar/fs-16,348.65
8.636168555094445E-78,3.02,old,cd06,,2006-IJAR,172,results/original/2006-ijar/fs-16,13.56
0,44.245,new,cd06,236,2006-IJAR,103,results/original/2006-ijar/fs-13,7.61
1.33638e-51,1.58,old,sbk05,,2006-IJAR,103,results/original/2006-ijar/fs-13,7.88
0,414.682,new,cd06,488,2006-IJAR,244,results/original/2006-ijar/fs-19,25.5
1.3363823550460978E-51,2.61,old,cd06,,2006-IJAR,103,results/original/2006-ijar/fs-13,9.58
7.182120874830735E-189,5.3,old,cd06,,2006-IJAR,351,results/original/2006-ijar/fs-25,57.28
0,0.082,new,cd06,26,2006-IJAR,13,results/original/2006-ijar/fs-04,1.09
5.96046e-08,0.012,new,cd06,20,2006-IJAR,3,results/original/2006-ijar/fs-01,0.55
,,new,d02,560,2006-IJAR,560,results/original/2006-ijar/fs-29,179.21
,,new,cd05,824,2006-IJAR,351,results/original/2006-ijar/fs-25,83.6
0,43.766,new,cw,244,2006-IJAR,244,results/original/2006-ijar/fs-19,11.9
1.3363823550460978E-51,2.76,old,cd05,,2006-IJAR,103,results/original/2006-ijar/fs-13,20.53
,,new,bklm16,4625,2006-IJAR,103,results/original/2006-ijar/fs-13,1.87
,,new,bklm16,32166,2006-IJAR,351,results/original/2006-ijar/fs-25,86.47
0,9.581,new,cd06,140,2006-IJAR,69,results/original/2006-ijar/fs-10,5.12
0,1.351,new,cd05,72,2006-IJAR,36,results/original/2006-ijar/fs-07,3.11
,,new,d02,528,2006-IJAR,528,results/original/2006-ijar/fs-28,148.73
1.52587890625E-5,0.8,old,cd05,,2006-IJAR,13,results/original/2006-ijar/fs-04,1.32
,,new,cd06,824,2006-IJAR,351,results/original/2006-ijar/fs-25,83.62
,,new,cd05,632,2006-IJAR,316,results/original/2006-ijar/fs-22,47.33
8.636168555094445E-78,3.11,old,cd05,,2006-IJAR,172,results/original/2006-ijar/fs-16,169.27
,,new,bklm16,2202,2006-IJAR,69,results/original/2006-ijar/fs-10,0.45
0,9.797,new,cd05,140,2006-IJAR,69,results/original/2006-ijar/fs-10,4.65
0,0.303,new,sbk05,36,2006-IJAR,36,results/original/2006-ijar/fs-07,2.96
,,new,bklm16,783,2006-IJAR,36,results/original/2006-ijar/fs-07,0.12
0,148.289,new,cd06,344,2006-IJAR,172,results/original/2006-ijar/fs-16,16.35
,1000.1,old,sbk05,,2006-IJAR,560,results/original/2006-ijar/fs-29,178.6
8.121411e-115,1.08,old,bklm16,,2006-IJAR,244,results/original/2006-ijar/fs-19,947.49
,3.39,old,cd05,,2006-IJAR,351,results/original/2006-ijar/fs-25,1035.28
,,new,bklm16,142,2006-IJAR,13,results/original/2006-ijar/fs-04,0.06
7.182120874830735E-189,5.24,old,d02,,2006-IJAR,351,results/original/2006-ijar/fs-25,1013.7
,,new,bklm16,14366,2006-IJAR,244,results/original/2006-ijar/fs-19,17.4
0.25,0.04,old,bklm16,,2006-IJAR,3,results/original/2006-ijar/fs-01,0.13
,1000.03,old,sbk05,,2006-IJAR,351,results/original/2006-ijar/fs-25,81.13
0,107.479,new,cw,316,2006-IJAR,316,results/original/2006-ijar/fs-22,27.43
,,new,cd05,1056,2006-IJAR,528,results/original/2006-ijar/fs-28,146.97
1.52587890625E-5,0.75,old,cd06,,2006-IJAR,13,results/original/2006-ijar/fs-04,1.15
,0.07,old,bklm16,,2006-IJAR,560,results/original/2006-ijar/fs-29,1196.31
,2.15,old,cd05,,2006-IJAR,244,results/original/2006-ijar/fs-19,1016.35
,,new,bklm16,8614,2006-IJAR,172,results/original/2006-ijar/fs-16,6.19
0,0.085,new,cd05,26,2006-IJAR,13,results/original/2006-ijar/fs-04,1.04
,,new,cd05,1120,2006-IJAR,560,results/original/2006-ijar/fs-29,181.56
,2.55,old,cd05,,2006-IJAR,316,results/original/2006-ijar/fs-22,1021.57
1.7763568394002505E-15,1.36,old,cd06,,2006-IJAR,36,results/original/2006-ijar/fs-07,2.96
0.5,0.01,new,cw,10,2006-IJAR,3,results/original/2006-ijar/fs-01,0.05
,,new,cd06,1120,2006-IJAR,560,results/original/2006-ijar/fs-29,180.9
0.5,0.47,old,cd06,,2006-IJAR,3,results/original/2006-ijar/fs-01,0.68
1.847744e-06,0.04,old,bklm16,,2006-IJAR,13,results/original/2006-ijar/fs-04,2.17
0,842.481,new,sbk05,528,2006-IJAR,528,results/original/2006-ijar/fs-28,148.01
,0.04,old,bklm16,,2006-IJAR,351,results/original/2006-ijar/fs-25,1081.95
0,672.686,new,d02,412,2006-IJAR,351,results/original/2006-ijar/fs-25,80.99
1.52588e-05,0.03,old,sbk05,,2006-IJAR,13,results/original/2006-ijar/fs-04,0.92
2.1289799200040754E-109,3.74,old,cd06,,2006-IJAR,244,results/original/2006-ijar/fs-19,22.04
1.77636e-15,0.02,old,sbk05,,2006-IJAR,36,results/original/2006-ijar/fs-07,2.84
8.63617e-78,18.62,old,sbk05,,2006-IJAR,172,results/original/2006-ijar/fs-16,14.91
1.539992e-33,0.1,old,bklm16,,2006-IJAR,69,results/original/2006-ijar/fs-10,32.94
5.96046e-08,0.005,new,cd05,23,2006-IJAR,3,results/original/2006-ijar/fs-01,0.56
,1000.03,old,sbk05,,2006-IJAR,316,results/original/2006-ijar/fs-22,46.22
3.262454e-55,0.8,old,bklm16,,2006-IJAR,103,results/original/2006-ijar/fs-13,97.67
0.5,0.45,old,cd05,,2006-IJAR,3,results/original/2006-ijar/fs-01,0.79
0,1048.93,new,sbk05,560,2006-IJAR,560,results/original/2006-ijar/fs-29,177.21
,4.66,old,cd05,,2006-IJAR,560,results/original/2006-ijar/fs-29,1059.55
0,228.712,new,cw,412,2006-IJAR,351,results/original/2006-ijar/fs-25,57.61
0,1.155,new,cw,72,2006-IJAR,69,results/original/2006-ijar/fs-10,0.39
0,28.697,new,sbk05,172,2006-IJAR,172,results/original/2006-ijar/fs-16,15.12
0,154.646,new,cd05,344,2006-IJAR,172,results/original/2006-ijar/fs-16,15.29
1.52587890625E-5,0.77,old,d02,,2006-IJAR,13,results/original/2006-ijar/fs-04,1.14
0,0.486,new,d02,36,2006-IJAR,36,results/original/2006-ijar/fs-07,3.07
0,421.066,new,sbk05,412,2006-IJAR,351,results/original/2006-ijar/fs-25,82.9
0,0.031,new,sbk05,13,2006-IJAR,13,results/original/2006-ijar/fs-04,1.05
0,14.071,new,d02,118,2006-IJAR,103,results/original/2006-ijar/fs-13,7.81
0,1017.55,new,cd06,632,2006-IJAR,316,results/original/2006-ijar/fs-22,47.89
1.52588e-05,0.024,new,cw,13,2006-IJAR,13,results/original/2006-ijar/fs-04,0.06
6.819831532519088E-254,7.21,old,cd06,,2006-IJAR,560,results/original/2006-ijar/fs-29,113.33
0,315.871,new,d02,316,2006-IJAR,316,results/original/2006-ijar/fs-22,47.18
0,129.026,new,d02,244,2006-IJAR,244,results/original/2006-ijar/fs-19,23.44
,,new,cd06,1056,2006-IJAR,528,results/original/2006-ijar/fs-28,151.82
9.828413039546407E-237,7.94,old,d02,,2006-IJAR,528,results/original/2006-ijar/fs-28,1010.43
7.888609052210118E-31,2.0,old,cd05,,2006-IJAR,69,results/original/2006-ijar/fs-10,6.94
0,2.126,new,sbk05,72,2006-IJAR,69,results/original/2006-ijar/fs-10,4.49
0,436.603,new,cd05,488,2006-IJAR,244,results/original/2006-ijar/fs-19,25.65
,0.04,old,bklm16,,2006-IJAR,316,results/original/2006-ijar/fs-22,1038.65
2.635531e-82,6.88,old,bklm16,,2006-IJAR,172,results/original/2006-ijar/fs-16,151.81
1.7763568394002505E-15,1.5,old,d02,,2006-IJAR,36,results/original/2006-ijar/fs-07,2.61
0.5,0.41,old,d02,,2006-IJAR,3,results/original/2006-ijar/fs-01,0.6
0,548.355,new,cw,560,2006-IJAR,560,results/original/2006-ijar/fs-29,135.81
0,1.292,new,cd06,72,2006-IJAR,36,results/original/2006-ijar/fs-07,3.11
2.1289799200040754E-109,3.48,old,d02,,2006-IJAR,244,results/original/2006-ijar/fs-19,1004.84
0.5,0.01,old,sbk05,,2006-IJAR,3,results/original/2006-ijar/fs-01,0.49
0,195.385,new,sbk05,316,2006-IJAR,316,results/original/2006-ijar/fs-22,46.26
,0.04,old,bklm16,,2006-IJAR,528,results/original/2006-ijar/fs-28,1159.68
2.12898e-109,216.71,old,sbk05,,2006-IJAR,244,results/original/2006-ijar/fs-19,24.36
7.888609052210118E-31,2.54,old,d02,,2006-IJAR,69,results/original/2006-ijar/fs-10,6.14
2.002083095183101E-146,4.59,old,cd06,,2006-IJAR,316,results/original/2006-ijar/fs-22,34.05
0,0.196,new,cw,36,2006-IJAR,36,results/original/2006-ijar/fs-07,0.12
0,0.044,new,d02,13,2006-IJAR,13,results/original/2006-ijar/fs-04,1.05
2.002083095183101E-146,4.55,old,d02,,2006-IJAR,316,results/original/2006-ijar/fs-22,1007.09
